Country Name,Country Code,Indicator Name,Indicator Code,1990,1991,1992,1993,1994,1995,1996,1997,1998,1999,2000,2001,2002,2003,2004,2005,2006,2007,2008,2009,2010,2011,2012,2013,2014,2015,2016,2017,2018,2019
Aruba,ABW,"Labor force participation rate, female (% of female population ages 15+) (modeled ILO estimate)",SL.TLF.CACT.FE.ZS,,,,,,,,,,,,,,,,,,,,,,,,,,,,,,
Africa Eastern and Southern,AFE,"Labor force participation rate, female (% of female population ages 15+) (modeled ILO estimate)",SL.TLF.CACT.FE.ZS,64.659489,64.68341914,64.7362872,64.78549797,64.85175402,65.05401563,65.25415434,65.40347298,65.53075784,65.66209184,65.76758703,65.85275701,65.97740632,66.09346111,66.17715763,66.22514873,66.26699106,66.21178267,66.15440093,65.85442497,65.53143479,65.44077875,65.3082161,65.4120758,65.37660311,65.55910227,65.68226158,65.84898315,65.90463777,65.97823518
Afghanistan,AFG,"Labor force participation rate, female (% of female population ages 15+) (modeled ILO estimate)",SL.TLF.CACT.FE.ZS,15.32,15.37,15.4,15.39,15.36,15.38,15.22,15.07,14.97,14.9,14.85,14.99,15.18,15.38,15.59,15.78,15.58,15.38,15.22,15.13,15.13,15.44,15.85,16.77,17.74,18.76,19.84,20.97,21.36,21.76
Africa Western and Central,AFW,"Labor force participation rate, female (% of female population ages 15+) (modeled ILO estimate)",SL.TLF.CACT.FE.ZS,59.02530162,58.97148622,58.89939316,58.88397634,58.8812803,58.88440809,58.84372641,58.82075853,58.81655416,58.82047461,58.8241759,58.731871,58.62602524,58.55713457,58.50802838,58.43739831,58.34189206,58.29646349,58.10690978,57.90728158,57.68769749,57.57778763,56.26046443,54.98167803,54.493715,54.17085938,53.81697734,53.83520764,53.93289397,54.03164908
Angola,AGO,"Labor force participation rate, female (% of female population ages 15+) (modeled ILO estimate)",SL.TLF.CACT.FE.ZS,75.9,75.85,75.81,75.82,75.77,75.7,75.67,75.66,75.65,75.63,75.6,75.59,75.54,75.52,75.49,75.48,75.52,75.56,75.61,75.7,75.77,75.85,75.92,75.98,76.03,76.07,76.11,76.13,76.13,76.11
Albania,ALB,"Labor force participation rate, female (% of female population ages 15+) (modeled ILO estimate)",SL.TLF.CACT.FE.ZS,55.59,60.15,61.02,59.41,57.98,55.92,54.63,56.1,54.85,53.18,52.23,51.03,50.31,49.49,48.69,47.94,47.34,46.82,46.33,45,45.76,52.95,48.29,43.91,43.21,46.14,48.04,47.58,50.58,52.47
Andorra,AND,"Labor force participation rate, female (% of female population ages 15+) (modeled ILO estimate)",SL.TLF.CACT.FE.ZS,,,,,,,,,,,,,,,,,,,,,,,,,,,,,,
Arab World,ARB,"Labor force participation rate, female (% of female population ages 15+) (modeled ILO estimate)",SL.TLF.CACT.FE.ZS,19.30423666,19.3978735,19.3720647,19.52980728,19.91364405,19.87286388,19.75284141,19.54322092,19.39613404,19.89055206,19.98225534,19.96876777,19.57759145,19.85810193,20.01451175,20.1408493,20.31485302,20.83449784,20.52843038,20.75259372,20.85210223,20.87527591,21.09150756,21.42342492,21.4029197,21.38898068,21.62495112,21.13930211,20.32174717,20.33758411
United Arab Emirates,ARE,"Labor force participation rate, female (% of female population ages 15+) (modeled ILO estimate)",SL.TLF.CACT.FE.ZS,28.11,28.89,29.57,30.45,30.89,31.28,31.59,32,32.54,33.17,33.8,34.15,34.71,35.45,36.34,37.29,38.42,39.72,41.17,42.71,44.25,45.37,46.56,47.84,49.2,50.59,51.42,52.53,52.35,52.05
Argentina,ARG,"Labor force participation rate, female (% of female population ages 15+) (modeled ILO estimate)",SL.TLF.CACT.FE.ZS,45.5,46.25,46.96,47.74,48.32,48.06,48.67,49.55,50.04,49.82,49.84,49.53,48.48,49.36,50.27,49.61,50.13,49.2,48.28,48.96,47.95,48.23,48.32,47.94,47.32,48.02,48.7,49.37,50.82,51.34
Armenia,ARM,"Labor force participation rate, female (% of female population ages 15+) (modeled ILO estimate)",SL.TLF.CACT.FE.ZS,46.99,46.93,46.8,46.61,46.39,46.15,45.95,45.77,45.6,45.41,45.18,44.98,44.74,44.51,44.37,44.35,44.42,44.61,44.57,45.55,46.93,49.46,49.85,50.2,49.54,48.78,47.03,46.89,43.11,42.91
American Samoa,ASM,"Labor force participation rate, female (% of female population ages 15+) (modeled ILO estimate)",SL.TLF.CACT.FE.ZS,,,,,,,,,,,,,,,,,,,,,,,,,,,,,,
Antigua and Barbuda,ATG,"Labor force participation rate, female (% of female population ages 15+) (modeled ILO estimate)",SL.TLF.CACT.FE.ZS,,,,,,,,,,,,,,,,,,,,,,,,,,,,,,
Australia,AUS,"Labor force participation rate, female (% of female population ages 15+) (modeled ILO estimate)",SL.TLF.CACT.FE.ZS,52.32,52.02,51.97,51.75,52.67,53.66,53.86,53.67,53.75,53.75,54.63,55.2,55.41,56.06,55.81,57.06,57.64,58.24,58.71,58.88,58.77,59.03,58.91,58.8,58.76,59.19,59.35,59.79,60.38,60.82
Austria,AUT,"Labor force participation rate, female (% of female population ages 15+) (modeled ILO estimate)",SL.TLF.CACT.FE.ZS,43.43,43.79,44.99,45.57,47.96,48.81,48.34,48.3,48.81,48.98,48.94,48.78,50.15,50.19,49.36,50.67,51.24,52.12,52.68,53.37,53.51,53.84,54.34,54.6,54.56,54.54,55.01,55,55.05,55.16
Azerbaijan,AZE,"Labor force participation rate, female (% of female population ages 15+) (modeled ILO estimate)",SL.TLF.CACT.FE.ZS,66.92,67.08,69.37,72.2,74.56,75.55,75.38,74.83,73.99,73.42,72.55,70.66,68.85,66.98,65.41,64.13,62.49,61.57,61.01,61.48,61.75,61.11,61.1,61.32,61.92,62.52,62.98,63.3,63.66,63.25
Burundi,BDI,"Labor force participation rate, female (% of female population ages 15+) (modeled ILO estimate)",SL.TLF.CACT.FE.ZS,90.77,90.33,89.83,89.27,88.65,87.97,87.25,86.47,85.61,84.98,84.31,83.73,83.15,82.6,82.09,81.64,81.23,80.87,80.58,80.34,80.16,80.02,79.93,79.85,79.75,80.02,80.24,80.38,80.47,80.5
Belgium,BEL,"Labor force participation rate, female (% of female population ages 15+) (modeled ILO estimate)",SL.TLF.CACT.FE.ZS,36.56,37.95,38.74,39.45,40.05,40.47,40.53,40.97,41.53,43.14,43.57,41.72,42.36,42.68,43.96,45.49,45.62,46.41,46.73,46.75,47.49,46.81,46.89,47.59,48.01,48.02,47.77,47.89,48.66,48.95
Benin,BEN,"Labor force participation rate, female (% of female population ages 15+) (modeled ILO estimate)",SL.TLF.CACT.FE.ZS,57.35,57.35,57.37,58.22,59.07,59.92,60.74,61.56,62.36,63.15,63.93,64.69,65.44,66.14,66.77,67.33,67.82,68.24,68.61,68.93,69.22,68.09,68.14,68.2,68.27,68.37,68.46,68.55,68.65,68.75
Burkina Faso,BFA,"Labor force participation rate, female (% of female population ages 15+) (modeled ILO estimate)",SL.TLF.CACT.FE.ZS,76.31,76.29,75.48,74.65,73.79,72.91,71.99,71.04,70.06,69.06,68.03,66.96,65.86,64.75,63.6,62.43,61.23,60.85,60.46,60.08,59.71,59.32,58.95,58.58,58.22,58.28,58.33,58.38,58.43,58.49
Bangladesh,BGD,"Labor force participation rate, female (% of female population ages 15+) (modeled ILO estimate)",SL.TLF.CACT.FE.ZS,24.65,24.77,24.93,25.13,25.36,25.63,25.82,26.06,26.31,26.57,26.82,27,27.2,27.4,27.6,27.8,27.91,28.38,28.87,29.36,29.85,30.34,30.84,31.34,31.85,32.37,32.88,35.86,36.15,36.37
Bulgaria,BGR,"Labor force participation rate, female (% of female population ages 15+) (modeled ILO estimate)",SL.TLF.CACT.FE.ZS,54.09,54.22,54.37,53.26,52.09,50.87,49.67,48.43,47.13,45.75,44.26,46.8,46.39,44.95,45.79,44.74,46.88,48.11,48.84,48.09,47.69,47.22,47.83,48.53,48.63,48.64,47.75,49.61,49.34,50.41
Bahrain,BHR,"Labor force participation rate, female (% of female population ages 15+) (modeled ILO estimate)",SL.TLF.CACT.FE.ZS,29.28,28.94,29.51,30.18,30.92,31.67,32.2,32.73,33.32,34,34.78,35.49,36.21,37.04,37.97,38.94,39.65,40.51,41.5,42.6,43.76,43.01,43.2,43.41,43.62,43.8,44.05,44.41,44.91,45.31
"Bahamas, The",BHS,"Labor force participation rate, female (% of female population ages 15+) (modeled ILO estimate)",SL.TLF.CACT.FE.ZS,64.88,65.7,66.52,67.32,68.04,68.32,68.45,68.5,68.73,69.06,69.16,69.42,69.64,69.52,69.46,69.51,69.73,69.85,69.69,69.41,69.49,69.48,69.71,69.66,69.82,69.93,70.01,70.01,70.04,70.07
Bosnia and Herzegovina,BIH,"Labor force participation rate, female (% of female population ages 15+) (modeled ILO estimate)",SL.TLF.CACT.FE.ZS,37.53,38.43,38.75,38.51,38.07,37.3,36.72,36.67,36.28,35.48,34.99,34.57,34.12,33.76,33.3,31.85,31.45,31.54,32.7,33.23,34.31,34.45,34.68,34.74,36.37,36.25,35.58,35.9,35.52,37.44
Belarus,BLR,"Labor force participation rate, female (% of female population ages 15+) (modeled ILO estimate)",SL.TLF.CACT.FE.ZS,52.73,52.56,52.66,52.76,53.13,53.57,53.44,53.04,52.86,52.87,53.33,53.77,54.18,54.58,54.98,55.41,55.81,56.25,56.71,57.16,57.54,57.87,58.15,58.37,58.54,58.64,58.77,58.58,58.16,57.64
Belize,BLZ,"Labor force participation rate, female (% of female population ages 15+) (modeled ILO estimate)",SL.TLF.CACT.FE.ZS,34.41,35.03,35.67,35.88,35.64,35.78,36.13,37.13,38.15,39.2,40.29,41.37,42.48,43.61,44.73,45.84,45.93,46.02,46.13,46.24,46.37,46.58,46.8,47.04,47.78,48.36,49.96,49.39,49.77,49.97
Bermuda,BMU,"Labor force participation rate, female (% of female population ages 15+) (modeled ILO estimate)",SL.TLF.CACT.FE.ZS,,,,,,,,,,,,,,,,,,,,,,,,,,,,,,
Bolivia,BOL,"Labor force participation rate, female (% of female population ages 15+) (modeled ILO estimate)",SL.TLF.CACT.FE.ZS,56.68,57.04,57.07,57.39,57.76,58.15,58.47,58.87,59.12,59.31,59.52,60.16,60.78,61.39,61.99,62.56,63.13,61.53,62.27,62.33,61.97,61.59,57.87,58.74,60.82,54.44,56.91,59.08,63.37,63.7
Brazil,BRA,"Labor force participation rate, female (% of female population ages 15+) (modeled ILO estimate)",SL.TLF.CACT.FE.ZS,41.69,41.88,43.2,44.51,45.83,47.15,46.15,47.04,47.92,49.18,50.19,51.22,52.58,52.9,53.95,55.08,54.79,54.54,54.44,54.91,53.52,52.12,53.02,52.93,52.81,53.34,53.29,54.14,54.36,55.09
Barbados,BRB,"Labor force participation rate, female (% of female population ages 15+) (modeled ILO estimate)",SL.TLF.CACT.FE.ZS,61.08,60.45,61.16,62.01,62.73,63.5,64.16,63.2,63.07,62.9,62.74,62.79,62.87,62.94,63.63,63.61,63.52,63.38,63.21,62.99,62.87,62.71,61.55,62.77,61.47,61.56,62.34,62.19,61.96,61.76
Brunei Darussalam,BRN,"Labor force participation rate, female (% of female population ages 15+) (modeled ILO estimate)",SL.TLF.CACT.FE.ZS,46.02,46.24,47.18,48.17,49.25,50.4,51.34,52.37,53.52,54.72,55.88,56.27,56.08,56.01,56.07,56.22,56.27,56.34,56.48,56.69,56.96,57.24,57.47,57.67,57.84,58,58.17,58.32,58.48,56.09
Bhutan,BTN,"Labor force participation rate, female (% of female population ages 15+) (modeled ILO estimate)",SL.TLF.CACT.FE.ZS,61.44,61.1,60.81,60.52,60.23,59.93,60.16,60.49,60.91,61.41,61.98,62.63,63.31,63.99,64.63,65.22,65.45,65.69,65.93,66.18,63.52,61.23,62.24,57.05,53.86,58.27,58.67,58.99,59.25,59.46
Botswana,BWA,"Labor force participation rate, female (% of female population ages 15+) (modeled ILO estimate)",SL.TLF.CACT.FE.ZS,47.52,47.69,47.9,48.14,48.4,48.69,48.91,49.16,49.51,49.55,49.67,50.31,50.98,51.66,52.34,53,53.67,54.64,55.59,56.54,53.8,57.66,61.33,64.75,64.84,64.93,65.03,65.14,65.23,65.33
Central African Republic,CAF,"Labor force participation rate, female (% of female population ages 15+) (modeled ILO estimate)",SL.TLF.CACT.FE.ZS,65.19,65.17,65.21,65.25,65.27,65.3,65.3,65.26,65.23,65.22,65.26,65.21,65.17,65.18,65.15,65.16,65.15,65.15,65.15,65.11,65.08,65.03,64.93,65.05,64.91,64.74,64.67,64.61,64.54,64.47
Canada,CAN,"Labor force participation rate, female (% of female population ages 15+) (modeled ILO estimate)",SL.TLF.CACT.FE.ZS,57.88,57.85,57.25,57.06,56.89,56.8,56.76,57.09,57.69,58.2,58.65,58.95,60.12,61.14,61.26,60.94,61.21,61.91,62.01,61.91,61.9,61.65,61.67,61.75,61.16,60.85,60.91,61.15,60.98,61.13
Central Europe and the Baltics,CEB,"Labor force participation rate, female (% of female population ages 15+) (modeled ILO estimate)",SL.TLF.CACT.FE.ZS,54.56297139,54.64357527,54.54375983,53.88598083,53.13707104,52.32882726,51.25586394,50.83143371,50.48454392,50.35570349,50.42859497,50.41464518,48.70308768,48.15385186,47.80335107,47.51440376,47.49257811,47.28062136,47.36910627,47.55062918,47.98273151,47.86719324,48.26967999,48.34349671,48.72390585,48.7102559,48.68461637,49.28253156,49.3372609,49.24003397
Switzerland,CHE,"Labor force participation rate, female (% of female population ages 15+) (modeled ILO estimate)",SL.TLF.CACT.FE.ZS,57.14,56.83,57.19,57,56.06,55.81,56.97,57.04,58.15,58.35,57.8,58.92,59.39,59.58,59.26,59.48,59.92,60.12,61.46,61.66,59.93,60.6,60.94,61.27,62.03,62.4,62.9,62.62,62.92,62.9
Channel Islands,CHI,"Labor force participation rate, female (% of female population ages 15+) (modeled ILO estimate)",SL.TLF.CACT.FE.ZS,46.8,46.84,47.09,46.82,46.77,47.17,47.82,48.16,48.43,49.01,49.16,50.29,52.28,52.97,52.99,52.38,51.8,51,51.49,52.46,52.49,51.07,51.19,51.26,51.3,51.45,51.58,51.69,51.68,51.71
Chile,CHL,"Labor force participation rate, female (% of female population ages 15+) (modeled ILO estimate)",SL.TLF.CACT.FE.ZS,33.05,33.64,34.51,35.08,35.55,36.32,36.97,37.96,38.26,38.41,38.31,37.44,37.28,38.75,40.38,41.4,42.24,43.37,45.69,46.12,46.91,48.8,49.03,49.46,50.07,50.08,50.38,51.03,51.61,51.8
China,CHN,"Labor force participation rate, female (% of female population ages 15+) (modeled ILO estimate)",SL.TLF.CACT.FE.ZS,73.24,73.13,73.02,72.91,72.77,72.6,72.38,72.13,71.83,71.5,71.13,70.33,69.45,68.54,67.67,66.89,66.2,65.63,65.12,64.59,63.98,63.73,63.47,63.2,62.9,62.55,62.14,61.66,61.12,60.57
Cote d'Ivoire,CIV,"Labor force participation rate, female (% of female population ages 15+) (modeled ILO estimate)",SL.TLF.CACT.FE.ZS,48.33,48.34,48.36,48.39,48.44,48.45,48.4,48.39,48.38,48.09,47.82,47.55,47.28,47.02,46.75,46.49,46.25,46.02,45.8,45.58,45.36,45.17,44.98,44.81,44.65,44.5,44.38,44.27,44.42,44.58
Cameroon,CMR,"Labor force participation rate, female (% of female population ages 15+) (modeled ILO estimate)",SL.TLF.CACT.FE.ZS,78.95,78.95,78.94,78.94,78.9,78.84,78.78,78.7,78.62,78.54,78.46,78.39,78.33,78.28,78.23,78.21,78.23,78.25,75.85,73.31,70.64,70.73,70.83,70.93,71.02,71.1,71.17,71.22,71.27,71.3
"Congo, Dem. Rep.",COD,"Labor force participation rate, female (% of female population ages 15+) (modeled ILO estimate)",SL.TLF.CACT.FE.ZS,70.48,70.5,70.53,70.58,70.59,70.58,70.56,70.56,70.54,70.55,70.57,70.57,70.54,70.52,70.49,70.46,69.21,67.92,66.61,65.28,63.92,62.54,61.13,61.11,61.08,61.06,61.04,61.03,61.01,60.99
"Congo, Rep.",COG,"Labor force participation rate, female (% of female population ages 15+) (modeled ILO estimate)",SL.TLF.CACT.FE.ZS,65.37,65.36,65.36,65.4,65.49,65.57,65.63,65.74,65.87,66.05,66.2,66.32,66.45,66.61,66.77,66.91,67.06,67.25,67.41,67.56,67.7,67.76,67.78,67.78,67.74,67.69,67.68,67.66,67.62,67.57
Colombia,COL,"Labor force participation rate, female (% of female population ages 15+) (modeled ILO estimate)",SL.TLF.CACT.FE.ZS,50.71,50.95,51.35,51.84,52.39,52.9,53.11,53.5,53.63,53.28,53.63,53.9,54.2,55.19,53.5,52.51,51.5,50.5,50.96,54.38,55.73,56.53,57.97,57.87,57.89,58.48,58.16,57.89,57.22,56.19
Comoros,COM,"Labor force participation rate, female (% of female population ages 15+) (modeled ILO estimate)",SL.TLF.CACT.FE.ZS,31.13,31.18,31.19,31.25,31.39,31.5,31.63,31.74,31.89,32.06,32.22,32.4,32.6,32.84,33.09,33.01,32.96,32.93,32.93,32.94,32.98,33.02,33.08,33.15,33.22,33.49,33.7,33.93,34.17,34.42
Cabo Verde,CPV,"Labor force participation rate, female (% of female population ages 15+) (modeled ILO estimate)",SL.TLF.CACT.FE.ZS,42.33,42.56,42.8,43.02,43.24,43.47,43.63,43.77,43.89,44,44.09,44.25,44.41,44.58,44.78,45.02,45.39,45.78,46.18,46.6,47.05,47.85,48.71,49.6,50.44,51.2,51.94,52.62,53.06,53.43
Costa Rica,CRI,"Labor force participation rate, female (% of female population ages 15+) (modeled ILO estimate)",SL.TLF.CACT.FE.ZS,33,33.86,33.23,34.14,35.18,36.18,34.64,37.74,40.2,40.26,38.67,42.47,42.27,42.51,41.01,44.69,44.59,45.72,46.08,46.38,45.3,45.35,50.39,49.92,49.3,48.44,44.87,45.57,48.05,51.9
Caribbean small states,CSS,"Labor force participation rate, female (% of female population ages 15+) (modeled ILO estimate)",SL.TLF.CACT.FE.ZS,51.59740975,52.19845755,52.89137238,53.53677307,53.89579901,53.55996145,53.41035516,52.69325195,51.92672918,51.61205904,51.25597206,51.16814316,51.116305,51.50628668,52.11959401,52.72302475,52.84478704,52.64081737,52.82395429,52.53337686,52.49876642,52.471878,52.83464537,53.6266514,53.68242283,53.65745736,54.67564972,55.09884376,54.78507519,55.05533257
Cuba,CUB,"Labor force participation rate, female (% of female population ages 15+) (modeled ILO estimate)",SL.TLF.CACT.FE.ZS,35.98,35.36,34.7,33.77,33.93,34.1,34.72,34.81,34.65,34.94,35.34,35.56,35.8,36.26,36.8,38.18,39.52,40.94,41.44,42.45,42.05,42.08,42.09,42.05,41.87,41.89,41.62,41.45,41.31,41.03
Curacao,CUW,"Labor force participation rate, female (% of female population ages 15+) (modeled ILO estimate)",SL.TLF.CACT.FE.ZS,,,,,,,,,,,,,,,,,,,,,,,,,,,,,,
Cayman Islands,CYM,"Labor force participation rate, female (% of female population ages 15+) (modeled ILO estimate)",SL.TLF.CACT.FE.ZS,,,,,,,,,,,,,,,,,,,,,,,,,,,,,,
Cyprus,CYP,"Labor force participation rate, female (% of female population ages 15+) (modeled ILO estimate)",SL.TLF.CACT.FE.ZS,46.27,46.73,47.37,46.73,48.12,47.48,47.92,49.15,48.87,48.86,49.64,52.09,52.6,53.85,53.87,53.2,54.09,55.22,55.58,56.51,57.63,56.81,56.18,56.27,57.82,57.88,57,57.26,57.87,58.13
Czech Republic,CZE,"Labor force participation rate, female (% of female population ages 15+) (modeled ILO estimate)",SL.TLF.CACT.FE.ZS,52.14,52.15,52.22,52.31,52.56,52.28,51.72,51.5,51.64,51.99,51.63,51.24,50.93,51.05,50.64,50.77,50.63,49.89,49.35,49.51,49.23,49.43,50.07,50.99,50.97,51.42,52.07,52.55,53.05,52.81
Germany,DEU,"Labor force participation rate, female (% of female population ages 15+) (modeled ILO estimate)",SL.TLF.CACT.FE.ZS,45.21,47.96,47.8,47.31,47.88,47.84,47.84,48.3,48.51,49.05,49.04,49.34,49.61,49.96,49.79,50.68,51.47,52,52.11,52.52,52.77,53.62,53.62,54.18,54.32,54.34,54.71,54.99,55.23,55.64
Djibouti,DJI,"Labor force participation rate, female (% of female population ages 15+) (modeled ILO estimate)",SL.TLF.CACT.FE.ZS,45.55,45.55,45.59,45.74,45.85,45.93,46.09,46.21,46.3,46.41,46.59,46.65,46.74,46.85,46.97,47.1,47.45,47.89,48.4,48.99,49.56,49.79,49.97,50.11,50.23,50.37,50.41,50.51,50.63,50.74
Dominica,DMA,"Labor force participation rate, female (% of female population ages 15+) (modeled ILO estimate)",SL.TLF.CACT.FE.ZS,,,,,,,,,,,,,,,,,,,,,,,,,,,,,,
Denmark,DNK,"Labor force participation rate, female (% of female population ages 15+) (modeled ILO estimate)",SL.TLF.CACT.FE.ZS,61.05,61.44,61.59,61.03,57.91,57.95,58.22,58.7,59.42,60,60.05,59.81,60.28,59.61,60.38,60.5,61.16,60.84,60.02,59.64,58.85,58.58,58.18,57.58,56.97,56.63,57.44,57.48,57.45,57.88
Dominican Republic,DOM,"Labor force participation rate, female (% of female population ages 15+) (modeled ILO estimate)",SL.TLF.CACT.FE.ZS,35.75,35.82,36.67,37.22,37.4,37.83,38.29,39,39.55,40.04,40.43,39.51,41.12,39.96,39.47,40.22,41.61,40.92,42.61,39.66,42.43,44.77,45.78,46.2,46.77,49.61,50.39,50.63,52.07,54.27
Algeria,DZA,"Labor force participation rate, female (% of female population ages 15+) (modeled ILO estimate)",SL.TLF.CACT.FE.ZS,11.56,11.58,11.62,11.66,11.72,11.8,11.87,11.82,11.8,11.83,11.9,12.01,12.16,12.36,12.58,12.84,13.13,13.45,13.81,14.2,14.37,15.23,16.15,16.87,15.33,16.06,16.8,17.56,17.28,17.01
East Asia & Pacific (excluding high income),EAP,"Labor force participation rate, female (% of female population ages 15+) (modeled ILO estimate)",SL.TLF.CACT.FE.ZS,69.1092705,68.90435978,68.84737462,68.62386145,68.630219,68.50138006,68.3549773,68.06940358,67.90547252,67.57015614,67.34557798,66.51602227,65.62094424,64.91806998,64.18448004,63.52605084,62.98182814,63.00930953,62.68112274,62.32588624,61.93668162,61.86207984,61.67912641,61.32188917,61.08181485,60.76386043,60.37680072,59.94569473,59.74982146,59.4056493
Early-demographic dividend,EAR,"Labor force participation rate, female (% of female population ages 15+) (modeled ILO estimate)",SL.TLF.CACT.FE.ZS,35.25573826,35.25062439,35.40583044,35.30776515,35.76473167,35.73788914,35.78000231,35.85951346,36.03503155,36.10917504,36.08360327,36.08865049,36.01537923,36.19388755,36.36161492,36.48322572,36.02444949,35.91563637,35.40253766,35.10149721,34.76548336,34.2572182,33.85047423,33.66875785,33.48171914,33.49257402,33.46180486,33.4679535,33.4303972,33.6211387
East Asia & Pacific,EAS,"Labor force participation rate, female (% of female population ages 15+) (modeled ILO estimate)",SL.TLF.CACT.FE.ZS,66.37618886,66.25151254,66.22258402,66.01526161,66.0664407,65.98034632,65.91025976,65.72763279,65.51110131,65.21370067,65.04972585,64.36206892,63.58154293,62.9778467,62.37835084,61.8489105,61.41038255,61.46854872,61.1949448,60.87965587,60.54330108,60.47834388,60.33699462,60.09051922,59.94767073,59.72859501,59.44933648,59.14459671,59.07204167,58.83829784
Europe & Central Asia (excluding high income),ECA,"Labor force participation rate, female (% of female population ages 15+) (modeled ILO estimate)",SL.TLF.CACT.FE.ZS,53.72682969,53.59418291,53.34077783,51.83583891,51.77872656,51.53042194,50.69829378,49.8198772,49.26647166,50.46033884,49.91109527,49.30706833,49.31571569,48.74248793,48.29191074,48.11846023,48.18205585,48.33042685,48.31598559,48.47287603,48.57092964,48.84502251,48.7268649,48.81126002,48.6258521,48.72597763,48.74854865,48.72699992,48.66503887,48.38771677
Europe & Central Asia,ECS,"Labor force participation rate, female (% of female population ages 15+) (modeled ILO estimate)",SL.TLF.CACT.FE.ZS,49.17377097,49.44693656,49.24766906,48.50643266,48.55878323,48.44559583,48.20972166,47.91146222,47.84627841,48.66183775,48.60695482,48.3411584,48.59869066,48.59603233,48.53844933,48.70639129,48.92622239,49.13317307,49.35279583,49.57745009,49.70788488,49.92908234,50.09526251,50.23024725,50.22141493,50.29819806,50.44412003,50.52162546,50.59255339,50.57350475
Ecuador,ECU,"Labor force participation rate, female (% of female population ages 15+) (modeled ILO estimate)",SL.TLF.CACT.FE.ZS,47,47.47,47.76,48.04,48.53,48.82,49.04,49.49,52.58,52.04,51.49,50.92,50.35,49.77,53.57,52.61,53.81,52.73,52.95,51.36,49.92,49.07,50.29,49.42,48.46,52.14,55.72,56.53,55.13,55.17
"Egypt, Arab Rep.",EGY,"Labor force participation rate, female (% of female population ages 15+) (modeled ILO estimate)",SL.TLF.CACT.FE.ZS,21.28,21.29,21.38,21.49,22.31,20.98,20.24,19.52,18.82,19.83,19.89,20.08,18.85,19.27,19.74,20.25,20.8,22.76,21.5,22.67,22.6,21.97,22.4,23.25,23.55,22.45,22.76,21.82,18.49,18.46
Euro area,EMU,"Labor force participation rate, female (% of female population ages 15+) (modeled ILO estimate)",SL.TLF.CACT.FE.ZS,42.18739461,43.09893817,42.92026009,42.87476544,43.28673819,43.46102306,43.79115608,44.09786442,44.48521145,45.11943167,45.46040597,45.43846684,46.10702365,46.81873083,47.19688146,47.67604611,48.18120904,48.62233676,49.0795642,49.36189155,49.54765576,49.766839,50.18860997,50.32909161,50.34254734,50.35222376,50.60701364,50.73666493,50.88880279,51.09359943
Eritrea,ERI,"Labor force participation rate, female (% of female population ages 15+) (modeled ILO estimate)",SL.TLF.CACT.FE.ZS,72.47,72.23,71.91,71.54,71.11,70.75,70.71,70.66,70.58,70.46,70.31,70.21,70.08,69.98,69.95,70.05,70.3,70.6,70.95,71.25,71.54,71.75,71.92,72.05,71.95,71.95,71.95,71.96,71.86,71.78
Spain,ESP,"Labor force participation rate, female (% of female population ages 15+) (modeled ILO estimate)",SL.TLF.CACT.FE.ZS,33.85,34.03,34.6,35.12,36.29,36.7,37.23,38.02,38.4,39.1,40.61,39.49,41.94,43.4,44.76,46.14,47.49,48.42,49.78,50.92,51.74,52.33,52.86,52.85,52.63,52.6,52.63,52.28,52.01,52.16
Estonia,EST,"Labor force participation rate, female (% of female population ages 15+) (modeled ILO estimate)",SL.TLF.CACT.FE.ZS,55.2,54.77,54.42,54.2,53.95,53.66,53.52,54.27,52.81,52.05,52.61,52,50.96,52.32,53.22,53.5,54.73,54.15,54.89,54.74,55.02,55.56,55.36,55.34,54.59,55.99,56.47,57.15,57.38,57.45
Ethiopia,ETH,"Labor force participation rate, female (% of female population ages 15+) (modeled ILO estimate)",SL.TLF.CACT.FE.ZS,66.36,66.38,66.42,66.39,66.4,67.26,68.06,68.85,69.6,70.34,71.07,71.78,72.48,73.16,73.81,74.44,74.32,74.19,74.05,73.91,73.76,73.64,73.53,73.42,73.36,73.31,73.29,73.28,73.29,73.31
European Union,EUU,"Labor force participation rate, female (% of female population ages 15+) (modeled ILO estimate)",SL.TLF.CACT.FE.ZS,45.48437383,46.17070474,46.00728906,45.79806049,45.91790289,45.86223399,45.84465205,45.95739864,46.17945777,46.64321106,46.90444927,46.88392559,46.97219722,47.34668169,47.56269541,47.88430123,48.2743902,48.56308798,48.90745092,49.15695676,49.38344443,49.54132992,49.9472226,50.08075436,50.17789527,50.16773729,50.3493348,50.58473208,50.7188036,50.86303507
Fragile and conflict affected situations,FCS,"Labor force participation rate, female (% of female population ages 15+) (modeled ILO estimate)",SL.TLF.CACT.FE.ZS,54.70934442,54.67814274,54.62326393,54.56547905,54.50743605,54.58719664,54.54055272,54.51274301,54.46376682,54.48302446,54.52224275,54.42760747,54.27797784,54.15184517,54.08108119,53.98278401,53.67359561,53.38272624,53.07259998,52.7345049,52.41195494,52.22075846,51.4500028,50.89141638,50.69781828,50.58889639,50.29744082,50.05746238,50.14841474,49.92410947
Finland,FIN,"Labor force participation rate, female (% of female population ages 15+) (modeled ILO estimate)",SL.TLF.CACT.FE.ZS,58.98,57.72,56.32,55.49,54.78,54.75,54.65,54.78,54.99,56.15,56.19,56.53,56.86,56.53,56.31,56.62,57.09,57.47,57.44,57.02,56.03,55.82,55.95,55.51,55.52,55.54,54.95,55.12,55.74,55.73
Fiji,FJI,"Labor force participation rate, female (% of female population ages 15+) (modeled ILO estimate)",SL.TLF.CACT.FE.ZS,39.9,40,39.83,39.77,39.62,39.54,39.38,38.68,38,37.35,36.72,36.31,35.94,35.6,35.27,34.94,36.57,38.19,39.81,41.44,43.11,44.89,43.71,42.58,41.47,40.09,38.61,38.49,38.36,38.23
France,FRA,"Labor force participation rate, female (% of female population ages 15+) (modeled ILO estimate)",SL.TLF.CACT.FE.ZS,46.28,46.38,46.72,47.15,47.32,47.67,48.1,47.71,48.03,48.4,48.47,48.19,48.4,49.64,49.48,49.88,49.95,50.33,50.53,50.84,50.81,50.69,50.88,51.05,50.84,50.78,50.81,50.64,50.79,50.65
Faroe Islands,FRO,"Labor force participation rate, female (% of female population ages 15+) (modeled ILO estimate)",SL.TLF.CACT.FE.ZS,,,,,,,,,,,,,,,,,,,,,,,,,,,,,,
"Micronesia, Fed. Sts.",FSM,"Labor force participation rate, female (% of female population ages 15+) (modeled ILO estimate)",SL.TLF.CACT.FE.ZS,,,,,,,,,,,,,,,,,,,,,,,,,,,,,,
Gabon,GAB,"Labor force participation rate, female (% of female population ages 15+) (modeled ILO estimate)",SL.TLF.CACT.FE.ZS,36.14,35.94,35.84,35.74,35.7,35.71,35.77,35.86,36.02,36.28,36.53,36.76,37.04,37.35,37.69,38.03,38.44,38.83,39.3,39.78,40.24,40.57,40.98,41.46,41.98,42.53,42.76,42.98,43.16,43.29
United Kingdom,GBR,"Labor force participation rate, female (% of female population ages 15+) (modeled ILO estimate)",SL.TLF.CACT.FE.ZS,52.02,51.82,51.83,51.87,51.86,51.82,52.21,52.65,52.71,53.23,53.57,53.39,53.97,53.92,54.33,54.73,55.15,54.97,55.3,55.53,55.5,55.58,55.86,56.24,56.54,56.69,56.95,57.26,57.57,58.09
Georgia,GEO,"Labor force participation rate, female (% of female population ages 15+) (modeled ILO estimate)",SL.TLF.CACT.FE.ZS,59.44,60.51,61.7,63.01,64.44,63.44,61.25,59.27,58.48,57.81,54.86,57.91,55.6,57.2,56.35,55.91,55.57,55.28,55.04,54.84,56.39,57.2,57.72,56.74,57.83,59.06,57.5,56.77,55.91,55.24
Ghana,GHA,"Labor force participation rate, female (% of female population ages 15+) (modeled ILO estimate)",SL.TLF.CACT.FE.ZS,72.08,72.17,72.26,72.36,72.46,72.54,72.62,72.68,72.74,72.78,72.81,72.17,71.53,70.9,70.28,69.68,69.09,68.56,68.03,67.47,66.89,66.27,65.62,64.94,64.23,63.51,63.6,63.69,63.78,63.86
Gibraltar,GIB,"Labor force participation rate, female (% of female population ages 15+) (modeled ILO estimate)",SL.TLF.CACT.FE.ZS,,,,,,,,,,,,,,,,,,,,,,,,,,,,,,
Guinea,GIN,"Labor force participation rate, female (% of female population ages 15+) (modeled ILO estimate)",SL.TLF.CACT.FE.ZS,63.25,63.16,63.08,63,62.93,62.87,62.81,62.75,62.72,62.69,62.67,62.61,62.55,62.51,62.47,62.44,62.44,62.43,62.43,62.46,62.47,62.49,62.52,62.55,62.58,62.6,62.61,62.62,62.66,62.72
"Gambia, The",GMB,"Labor force participation rate, female (% of female population ages 15+) (modeled ILO estimate)",SL.TLF.CACT.FE.ZS,45.82,45.71,45.6,45.5,45.8,46.1,46.33,46.55,46.77,46.99,47.21,47.44,47.66,47.89,48.12,48.37,48.62,48.86,49.11,49.37,49.66,49.95,50.26,50.37,50.52,50.65,50.77,50.88,50.99,51.11
Guinea-Bissau,GNB,"Labor force participation rate, female (% of female population ages 15+) (modeled ILO estimate)",SL.TLF.CACT.FE.ZS,65.1,65.04,65,64.98,64.96,64.95,64.81,64.71,64.82,64.77,64.72,64.73,64.76,64.8,64.83,64.86,64.91,64.95,65.02,65.09,65.17,65.23,65.35,65.46,65.57,65.65,65.7,65.76,65.82,65.88
Equatorial Guinea,GNQ,"Labor force participation rate, female (% of female population ages 15+) (modeled ILO estimate)",SL.TLF.CACT.FE.ZS,50.76,50.77,50.73,50.67,50.63,50.62,50.53,50.51,50.56,50.71,50.93,51.01,51.22,51.54,51.92,52.31,52.5,52.78,53.13,53.54,53.97,54,54.13,54.33,54.62,54.95,54.75,54.66,54.68,54.8
Greece,GRC,"Labor force participation rate, female (% of female population ages 15+) (modeled ILO estimate)",SL.TLF.CACT.FE.ZS,36.06,34.12,35.4,35.46,36.2,36.94,38.24,38.3,39.89,40.9,40.86,39.91,40.64,41.32,42.71,42.78,43.02,42.85,42.76,43.67,44.12,43.96,44.26,44.1,44.23,44.84,45.03,44.75,44.39,44.54
Grenada,GRD,"Labor force participation rate, female (% of female population ages 15+) (modeled ILO estimate)",SL.TLF.CACT.FE.ZS,,,,,,,,,,,,,,,,,,,,,,,,,,,,,,
Greenland,GRL,"Labor force participation rate, female (% of female population ages 15+) (modeled ILO estimate)",SL.TLF.CACT.FE.ZS,,,,,,,,,,,,,,,,,,,,,,,,,,,,,,
Guatemala,GTM,"Labor force participation rate, female (% of female population ages 15+) (modeled ILO estimate)",SL.TLF.CACT.FE.ZS,38.21,38.37,38.6,38.76,38.98,39.35,39.47,39.79,40.22,40.54,40.8,40.99,41.31,41.5,41.8,41.61,41.42,41.22,40.99,40.75,40.51,40.3,46.1,40.65,40.83,39.08,40.61,39.7,40.11,40.55
Guam,GUM,"Labor force participation rate, female (% of female population ages 15+) (modeled ILO estimate)",SL.TLF.CACT.FE.ZS,58.56,58.59,58.58,58.56,58.47,58.39,58.22,58.03,57.84,57.64,57.39,57.09,56.77,56.46,56.06,55.71,55.51,55.23,54.95,54.71,54.43,54.2,53.94,53.71,53.47,53.24,53.03,52.81,52.59,52.35
Guyana,GUY,"Labor force participation rate, female (% of female population ages 15+) (modeled ILO estimate)",SL.TLF.CACT.FE.ZS,37.42,38.09,38.75,39.35,38.77,38.18,37.56,36.98,36.42,35.88,35.36,34.78,34.16,34.72,35.24,35.71,36.28,36.83,37.35,37.89,38.46,38.96,39.5,40.04,40.57,41.08,41.62,42.16,42.69,42.84
High income,HIC,"Labor force participation rate, female (% of female population ages 15+) (modeled ILO estimate)",SL.TLF.CACT.FE.ZS,48.80247719,49.12266473,49.18603804,49.10008926,49.48078647,49.56306477,49.80740246,50.12770552,50.1689815,50.44367174,50.6528835,50.63630843,50.77932479,50.98150173,51.08698215,51.3832386,51.63776303,51.80560905,52.0834238,52.10745402,52.03859905,51.99183588,52.16866585,52.22703755,52.35621351,52.42744145,52.71164986,53.0063957,53.27960654,53.59170874
"Hong Kong SAR, China",HKG,"Labor force participation rate, female (% of female population ages 15+) (modeled ILO estimate)",SL.TLF.CACT.FE.ZS,47.33,48.18,46.94,46.31,46.68,47.35,47.51,47.71,48.29,48.93,49.58,50.3,51.58,51.36,51.58,51.74,52.04,52.51,52.5,52.65,51.42,52.41,53.01,53.99,54.07,54.27,54.24,54.31,54.19,53.65
Honduras,HND,"Labor force participation rate, female (% of female population ages 15+) (modeled ILO estimate)",SL.TLF.CACT.FE.ZS,44.3,43.83,44.35,44.93,44.89,45.45,45.57,45.97,46.27,46.15,44.85,43.59,43.41,43.26,43.12,43.01,40.19,39.48,41.4,42.89,44.52,41.59,40.42,45.21,47.96,48.32,48.14,47.73,51.88,52.26
Heavily indebted poor countries (HIPC),HPC,"Labor force participation rate, female (% of female population ages 15+) (modeled ILO estimate)",SL.TLF.CACT.FE.ZS,63.32895206,63.26253426,63.17285862,63.09074427,63.02530572,63.10741351,63.22305428,63.32476496,63.44403765,63.54896394,63.62940466,63.66241141,63.74270371,63.81710045,63.88285088,63.93273101,63.73988831,63.48040571,63.21858154,62.92567931,62.59330365,62.23911119,61.79634165,61.66516851,61.51719713,61.38071559,61.47432804,61.55466862,61.75063076,61.81938191
Croatia,HRV,"Labor force participation rate, female (% of female population ages 15+) (modeled ILO estimate)",SL.TLF.CACT.FE.ZS,47.62,47.01,46.76,46.5,46.22,45.92,45.75,45.61,45.49,45.4,45.32,45.19,44.67,44.62,45.94,46.2,46.15,45.36,45.9,46.84,46.19,44.55,44.4,44.36,46.14,46.55,45.17,45.43,45.52,45.37
Haiti,HTI,"Labor force participation rate, female (% of female population ages 15+) (modeled ILO estimate)",SL.TLF.CACT.FE.ZS,57.52,57.65,57.76,57.83,57.87,57.87,57.81,57.71,57.6,57.52,57.5,57.73,58.03,58.37,58.74,59.13,59.47,59.89,60.13,60.56,60.52,61.13,61.56,62.09,62.51,62.8,63.08,63.33,63.6,63.69
Hungary,HUN,"Labor force participation rate, female (% of female population ages 15+) (modeled ILO estimate)",SL.TLF.CACT.FE.ZS,47,46.87,46.77,44.75,42.78,40.61,39.65,38.67,39.97,40.87,41.11,40.86,41.13,42.12,41.99,42.92,43.2,42.88,42.68,42.79,43.78,43.91,44.81,44.92,46.3,47.27,47.96,48.25,48.45,48.45
IBRD only,IBD,"Labor force participation rate, female (% of female population ages 15+) (modeled ILO estimate)",SL.TLF.CACT.FE.ZS,51.99356736,51.8386238,51.82940427,51.62040143,51.70597331,51.61842939,51.37869168,51.19208093,51.06157232,51.02691169,50.87988446,50.52076532,50.20526565,49.97238364,49.782404,49.60616194,49.05578568,48.77269643,48.23367263,47.84936328,47.24808544,46.77247554,46.40463579,46.11362944,45.76785284,45.5407555,45.28400418,45.00925937,44.73426424,44.60513942
IDA & IBRD total,IBT,"Labor force participation rate, female (% of female population ages 15+) (modeled ILO estimate)",SL.TLF.CACT.FE.ZS,51.7531284,51.61722089,51.60807708,51.44104406,51.52497213,51.41930552,51.24223312,51.11397379,51.01432385,51.00087003,50.88740916,50.58313264,50.30995405,50.1209024,49.96258743,49.80920171,49.34765408,49.1046135,48.66677343,48.36767815,47.90940586,47.53526035,47.17921618,46.90711033,46.64429213,46.50927972,46.30291365,46.15567161,45.97325539,45.89229152
IDA total,IDA,"Labor force participation rate, female (% of female population ages 15+) (modeled ILO estimate)",SL.TLF.CACT.FE.ZS,50.55869048,50.52728869,50.5279982,50.57330257,50.6574894,50.47518002,50.59975268,50.74971233,50.79633207,50.88195775,50.92144145,50.86259692,50.77520529,50.77578663,50.75012147,50.68746131,50.59677678,50.50791337,50.47382482,50.50111399,50.59361975,50.59003061,50.24150422,50.00307202,50.01736675,50.18386287,50.11384398,50.38132611,50.470199,50.48939886
IDA blend,IDB,"Labor force participation rate, female (% of female population ages 15+) (modeled ILO estimate)",SL.TLF.CACT.FE.ZS,42.27339721,42.25334323,42.36737956,42.57126633,42.80412634,42.06906946,42.43907641,42.84332672,42.86297538,42.87642778,42.97407398,42.72737132,42.55213015,42.68578227,42.80822329,42.73387276,42.93127987,43.0205946,43.08723561,43.39902287,43.69710689,43.90687032,43.2258997,42.59316091,42.57364058,42.78333518,42.31207514,42.09012419,41.87573427,41.9562059
Indonesia,IDN,"Labor force participation rate, female (% of female population ages 15+) (modeled ILO estimate)",SL.TLF.CACT.FE.ZS,49.9,49.12,49.78,48.82,50.27,50.25,50.23,49.41,50.64,50.55,51.06,49.25,47.16,47.1,46.57,45.51,45.51,49.53,50.32,50.46,51.23,51.11,51.61,50.82,50.67,50.63,50.77,51.86,52.96,53.81
IDA only,IDX,"Labor force participation rate, female (% of female population ages 15+) (modeled ILO estimate)",SL.TLF.CACT.FE.ZS,54.66009845,54.6186065,54.55978254,54.5240474,54.53207048,54.61984122,54.62714936,54.65588477,54.71975081,54.84377066,54.85829887,54.89428634,54.85232272,54.78897068,54.69191291,54.63697291,54.40489123,54.22933666,54.14734681,54.03554699,54.03112792,53.92287137,53.73903093,53.6960489,53.72555968,53.86791856,53.99242391,54.49694591,54.72958207,54.71200956
Isle of Man,IMN,"Labor force participation rate, female (% of female population ages 15+) (modeled ILO estimate)",SL.TLF.CACT.FE.ZS,,,,,,,,,,,,,,,,,,,,,,,,,,,,,,
India,IND,"Labor force participation rate, female (% of female population ages 15+) (modeled ILO estimate)",SL.TLF.CACT.FE.ZS,30.27,30.3,30.37,30.48,30.64,30.61,30.56,30.52,30.48,30.45,30.41,30.67,30.94,31.22,31.5,31.79,30.52,29.3,28.11,26.97,25.85,24.41,23.04,22.6,22.18,21.79,21.41,21.05,20.71,20.79
Not classified,INX,"Labor force participation rate, female (% of female population ages 15+) (modeled ILO estimate)",SL.TLF.CACT.FE.ZS,,,,,,,,,,,,,,,,,,,,,,,,,,,,,,
Ireland,IRL,"Labor force participation rate, female (% of female population ages 15+) (modeled ILO estimate)",SL.TLF.CACT.FE.ZS,38.4,39,38.92,40.56,41.57,42.11,43.6,44.69,46.98,48.99,50.08,50.24,51.29,51.75,51.96,54.55,55.38,56.88,56.73,56.18,55.6,55.32,55.15,55.67,55.3,55.11,55.73,55.8,56.15,56.29
"Iran, Islamic Rep.",IRN,"Labor force participation rate, female (% of female population ages 15+) (modeled ILO estimate)",SL.TLF.CACT.FE.ZS,9.83,9.86,9.98,10.12,10.28,10.45,10.65,11.38,12.16,12.99,13.88,14.84,15.88,16.99,18.18,19.45,18.49,17.62,15.37,16.2,15.69,15.06,14.46,13.9,13.36,14.78,16.66,17.89,17.72,17.61
Iraq,IRQ,"Labor force participation rate, female (% of female population ages 15+) (modeled ILO estimate)",SL.TLF.CACT.FE.ZS,8.03,8.11,8.21,8.29,8.35,8.44,8.54,8.64,8.97,9.31,9.66,10.02,10.39,10.76,11.14,11.53,11.93,12.35,12.23,12.12,12.01,11.93,11.87,12.71,13.62,14.09,14.58,11.28,11.41,11.53
Iceland,ISL,"Labor force participation rate, female (% of female population ages 15+) (modeled ILO estimate)",SL.TLF.CACT.FE.ZS,67.74,67.45,68.73,68.99,69.38,71.28,69.56,68.56,70.13,72.21,73.74,72.62,71.97,71.8,71.44,70.88,71.51,71.54,70.91,70.27,70.63,70.22,70.84,71.48,72.15,73.1,73.18,72.32,71.06,70.21
Israel,ISR,"Labor force participation rate, female (% of female population ages 15+) (modeled ILO estimate)",SL.TLF.CACT.FE.ZS,46.26,46.71,47.99,49.01,50.5,51.28,51.11,51.01,51.11,52.29,53.24,53.48,53.09,54.01,54.49,55.05,55.43,55.9,55.95,56.83,57.03,56.8,57.97,58.13,59.03,58.99,59.37,59.21,59.7,59.6
Italy,ITA,"Labor force participation rate, female (% of female population ages 15+) (modeled ILO estimate)",SL.TLF.CACT.FE.ZS,35.3,35.7,34.08,33.61,33.55,33.57,33.93,34.07,34.48,35.12,35.32,35.9,36.45,36.93,38.18,37.8,37.94,37.75,38.45,38,37.94,38.16,39.46,39.4,39.84,39.52,40.18,40.68,40.84,41
Jamaica,JAM,"Labor force participation rate, female (% of female population ages 15+) (modeled ILO estimate)",SL.TLF.CACT.FE.ZS,64.37,64.73,65.11,65.49,65.85,64.62,63.19,61.55,59.68,58.89,58.09,57.44,56.81,56.21,56.08,56.11,55.99,55.88,55.78,55.68,55.59,55.67,55.73,57.11,56.91,57.35,59.26,60.39,59.54,60.28
Jordan,JOR,"Labor force participation rate, female (% of female population ages 15+) (modeled ILO estimate)",SL.TLF.CACT.FE.ZS,10.44,10.74,11.18,11.51,11.85,12.23,12.29,12.39,12.49,12.59,12.71,12.3,12.9,11.9,12.05,12.2,12.54,15.14,14.73,15.47,15.26,15.2,14.82,13.86,13.92,14.02,14.13,14.27,14.43,14.59
Japan,JPN,"Labor force participation rate, female (% of female population ages 15+) (modeled ILO estimate)",SL.TLF.CACT.FE.ZS,50.11,50.7,50.8,50.42,50.27,50.03,50.09,50.45,50.22,49.64,49.26,49.21,48.61,48.5,48.3,48.37,48.44,48.55,48.61,48.81,48.72,48.35,48.29,49.03,49.47,49.85,50.59,51.4,52.77,53.56
Kazakhstan,KAZ,"Labor force participation rate, female (% of female population ages 15+) (modeled ILO estimate)",SL.TLF.CACT.FE.ZS,65.19,65.36,65.4,65.65,66.17,66.54,66.46,66.35,66.47,66.39,66.01,65.45,65.1,64.68,63.95,64.37,64.75,65.18,65.66,65.15,65.38,65.37,65.42,65.48,65.54,65.38,64.35,63.2,63.03,62.75
Kenya,KEN,"Labor force participation rate, female (% of female population ages 15+) (modeled ILO estimate)",SL.TLF.CACT.FE.ZS,69.97,69.98,70,70.03,70.06,70.09,70.07,70.07,70.08,70.11,68.65,67.09,65.45,63.76,62.03,60.28,61.54,62.82,64.08,65.27,66.38,67.42,68.38,69.27,70.13,70.96,71.77,71.85,71.92,72.01
Kyrgyz Republic,KGZ,"Labor force participation rate, female (% of female population ages 15+) (modeled ILO estimate)",SL.TLF.CACT.FE.ZS,46.21,47.65,50.14,52.98,56.95,58.24,57.42,56.19,56.23,56.02,55.49,54.96,55.26,54.35,53.55,54.06,54.42,53.8,53.19,52.58,52.16,52.63,51.58,49.22,50.39,49.89,48.37,46.02,44.36,44.09
Cambodia,KHM,"Labor force participation rate, female (% of female population ages 15+) (modeled ILO estimate)",SL.TLF.CACT.FE.ZS,75.92,75.96,76.06,76.24,77.37,77.21,77.07,77.42,77.66,77.92,76.85,81.82,80.18,78.2,75.72,75.74,75.75,75.71,76.8,77.93,81.77,82.44,79,75.16,74.82,74.29,76.54,77.23,77.08,76.91
Kiribati,KIR,"Labor force participation rate, female (% of female population ages 15+) (modeled ILO estimate)",SL.TLF.CACT.FE.ZS,,,,,,,,,,,,,,,,,,,,,,,,,,,,,,
St. Kitts and Nevis,KNA,"Labor force participation rate, female (% of female population ages 15+) (modeled ILO estimate)",SL.TLF.CACT.FE.ZS,,,,,,,,,,,,,,,,,,,,,,,,,,,,,,
"Korea, Rep.",KOR,"Labor force participation rate, female (% of female population ages 15+) (modeled ILO estimate)",SL.TLF.CACT.FE.ZS,47,46.98,46.89,46.87,47.67,48.31,48.98,49.98,47.27,47.78,48.84,49.35,49.84,49.08,50.23,50.44,50.66,50.57,50.22,49.25,49.53,49.77,50.09,50.29,51.43,52.32,52.53,53.07,53.21,53.77
Kuwait,KWT,"Labor force participation rate, female (% of female population ages 15+) (modeled ILO estimate)",SL.TLF.CACT.FE.ZS,38.08,38.58,38.97,39.65,40.52,40.77,41.1,41.54,41.97,42.69,42.94,43,42.97,42.23,42.03,41.92,42.15,42.62,43.46,45.08,46.37,46.92,47.58,48.5,49.31,49.97,49.89,50.19,50,49.78
Latin America & Caribbean (excluding high income),LAC,"Labor force participation rate, female (% of female population ages 15+) (modeled ILO estimate)",SL.TLF.CACT.FE.ZS,41.63067943,41.89548609,42.74125577,43.6387403,44.45929337,45.42683529,45.25392252,46.35129501,46.85604715,47.26144588,47.57687537,48.12611329,48.79968487,49.3359384,50.15999467,50.6491059,50.93267818,50.90921942,50.90343036,51.53051417,51.03685677,50.60840915,51.52732746,51.38671147,51.05394905,51.35740118,51.57728677,51.99464645,52.47319351,53.14577562
Lao PDR,LAO,"Labor force participation rate, female (% of female population ages 15+) (modeled ILO estimate)",SL.TLF.CACT.FE.ZS,80.01,80.04,80.04,80.05,79.99,79.95,79.8,79.63,79.46,79.27,79.06,78.85,78.62,78.37,78.12,77.86,77.64,77.42,77.2,77,76.83,76.77,76.74,76.71,76.68,76.64,76.6,76.55,76.51,76.49
Lebanon,LBN,"Labor force participation rate, female (% of female population ages 15+) (modeled ILO estimate)",SL.TLF.CACT.FE.ZS,19.1,19.57,19.97,20.36,20.74,21.12,21.13,21.24,21.34,21.47,21.55,21.31,21.12,20.99,20.91,21.2,21.59,22.01,22.23,22.41,22.54,22.66,22.7,22.63,22.55,22.52,22.63,22.74,22.9,23.11
Liberia,LBR,"Labor force participation rate, female (% of female population ages 15+) (modeled ILO estimate)",SL.TLF.CACT.FE.ZS,69.67,69.68,69.79,69.89,69.94,69.95,69.9,69.65,69.57,69.51,69.44,69.46,69.48,69.67,69.72,69.78,69.84,69.9,69.98,70.05,70.09,70.12,70.13,70.13,70.14,70.15,72.14,72.09,72.04,72
Libya,LBY,"Labor force participation rate, female (% of female population ages 15+) (modeled ILO estimate)",SL.TLF.CACT.FE.ZS,24.1,24.42,24.81,25.26,25.73,26.21,26.71,27.21,27.72,28.26,28.82,29.37,29.95,30.55,31.16,31.74,32.21,32.62,32.99,33.33,33.64,33.81,33.94,34.03,34.05,34.02,34.06,34.08,34.06,34.01
St. Lucia,LCA,"Labor force participation rate, female (% of female population ages 15+) (modeled ILO estimate)",SL.TLF.CACT.FE.ZS,47.62,47.86,48.52,49.18,49.82,50.4,50.96,51.49,51.97,52.46,52.98,53.56,54.61,55.68,56.75,57.81,58.81,59.67,60.36,60.91,61.36,62.12,62.92,63.74,64.55,65.34,66.08,66.8,68.01,68.77
Latin America & Caribbean,LCN,"Labor force participation rate, female (% of female population ages 15+) (modeled ILO estimate)",SL.TLF.CACT.FE.ZS,41.43411645,41.74251316,42.58780296,43.44436272,44.2088435,45.1370992,45.02338537,46.08899996,46.56486314,46.93013312,47.22356567,47.7353521,48.30911203,48.82417534,49.69331429,50.23236584,50.55755606,50.55819836,50.63175219,51.22066292,50.7746221,50.44851166,51.28142031,51.17062635,50.88416764,51.14026635,51.29750243,51.65182007,52.04826182,52.53513418
Least developed countries: UN classification,LDC,"Labor force participation rate, female (% of female population ages 15+) (modeled ILO estimate)",SL.TLF.CACT.FE.ZS,56.15804244,56.09877963,56.00284243,55.93248051,55.90446921,55.98437157,56.06011857,56.15080413,56.2644125,56.37000289,56.35780262,56.43703605,56.41152549,56.37143168,56.32397536,56.32335515,56.17360134,56.06961741,55.99974871,55.94650246,55.93398408,55.82687277,55.61631954,55.49845674,55.45553498,55.58204033,55.68591059,56.22724902,56.42874839,56.40215105
Low income,LIC,"Labor force participation rate, female (% of female population ages 15+) (modeled ILO estimate)",SL.TLF.CACT.FE.ZS,60.96521441,60.84088901,60.69099647,60.50571892,60.35005675,60.40329752,60.39757903,60.37591007,60.38563523,60.53862994,60.59621529,60.5360968,60.46934494,60.39978784,60.26328293,60.10950186,59.71026513,59.35663121,59.07620207,58.7184942,58.47126685,58.21069145,57.91573663,57.80149839,57.69538398,57.74867142,57.84335457,57.9264898,58.00486711,58.06151948
Liechtenstein,LIE,"Labor force participation rate, female (% of female population ages 15+) (modeled ILO estimate)",SL.TLF.CACT.FE.ZS,,,,,,,,,,,,,,,,,,,,,,,,,,,,,,
Sri Lanka,LKA,"Labor force participation rate, female (% of female population ages 15+) (modeled ILO estimate)",SL.TLF.CACT.FE.ZS,45.51,41.63,38.05,37.89,38.53,36.33,35.81,35.49,41.63,37.85,37.29,37.19,37.12,37.05,36.97,36.86,36.77,36.65,36.5,36.34,34.41,34.36,32.83,35.38,34.46,35.74,35.84,36.6,33.67,33.55
Lower middle income,LMC,"Labor force participation rate, female (% of female population ages 15+) (modeled ILO estimate)",SL.TLF.CACT.FE.ZS,38.69293366,38.59274574,38.66516315,38.66502214,38.97207741,38.82058771,38.77432614,38.68852789,38.83239875,38.78900708,38.84600293,38.76108546,38.61103134,38.75570564,38.84207853,38.90642179,38.37029028,38.24273926,37.70486426,37.37334263,37.00210589,36.41758433,35.74104929,35.49062965,35.29166386,35.17860089,35.02400182,34.99061376,34.88802988,35.02477401
Low & middle income,LMY,"Labor force participation rate, female (% of female population ages 15+) (modeled ILO estimate)",SL.TLF.CACT.FE.ZS,51.92339769,51.77776666,51.76150713,51.59239131,51.68103537,51.57978786,51.4030407,51.27686454,51.17450489,51.16560086,51.03837629,50.72341278,50.46169949,50.27279219,50.1037899,49.93735343,49.47567609,49.23274221,48.77669542,48.46631681,47.99350635,47.60898583,47.24501136,46.96681343,46.69403745,46.56091364,46.35712092,46.21008248,46.02972445,45.96328015
Lesotho,LSO,"Labor force participation rate, female (% of female population ages 15+) (modeled ILO estimate)",SL.TLF.CACT.FE.ZS,68.35,68.35,68.35,68.35,68.34,68.32,68.34,68.37,68.41,68.46,67.7,66.9,66.1,65.32,64.56,63.82,63.15,62.5,61.86,61.23,60.6,60.2,59.78,59.33,59.57,59.75,59.92,60.09,60.24,60.38
Late-demographic dividend,LTE,"Labor force participation rate, female (% of female population ages 15+) (modeled ILO estimate)",SL.TLF.CACT.FE.ZS,65.6085241,65.49720778,65.49213239,65.35503593,65.19846806,65.1186648,64.8243602,64.65431871,64.45812354,64.5458802,64.42995153,63.87896528,63.4332008,62.90254088,62.44600242,62.09344153,61.62294265,61.29525971,60.98007604,60.76409641,60.24072296,60.10916127,60.05225526,59.84721862,59.63287074,59.4386636,59.11568276,58.85382876,58.52240753,58.15460512
Lithuania,LTU,"Labor force participation rate, female (% of female population ages 15+) (modeled ILO estimate)",SL.TLF.CACT.FE.ZS,55.27,54.89,54.38,54.37,54.44,54.2,53.9,53.6,53.36,55.04,54.79,53.15,52.29,54.88,51.42,50.6,50.13,50.18,50.54,52.06,52.55,53.11,53.63,53.26,54.08,54.55,55.81,56.08,56.73,57.26
Luxembourg,LUX,"Labor force participation rate, female (% of female population ages 15+) (modeled ILO estimate)",SL.TLF.CACT.FE.ZS,34.12,35.93,38.11,36.95,37.71,35.28,36.37,37.39,37.71,39.71,41.38,41.14,42.38,42.42,44.35,45.38,46.71,46.89,46.96,48.77,48.83,49.41,50.97,51.11,51.99,53.56,52.43,53.87,54.71,54.62
Latvia,LVA,"Labor force participation rate, female (% of female population ages 15+) (modeled ILO estimate)",SL.TLF.CACT.FE.ZS,53.15,52.68,52.82,52.98,52.57,52.29,51.96,52.92,51.47,49.72,48.87,49.82,51.05,50.55,50.43,50.44,52.02,52.92,54.83,54.37,53.85,52.97,54.12,53.78,53.26,54.02,55.11,55.44,56.03,55.79
"Macao SAR, China",MAC,"Labor force participation rate, female (% of female population ages 15+) (modeled ILO estimate)",SL.TLF.CACT.FE.ZS,44.13,44.63,45.96,46.39,47.29,48.33,55.49,55.12,54.92,55.43,55.91,57.05,56.22,54.23,55.48,57.28,59.09,62.62,63.92,65.24,65.31,66.18,65.51,66.21,66.59,66.6,66.11,65.18,64.9,64.15
St. Martin (French part),MAF,"Labor force participation rate, female (% of female population ages 15+) (modeled ILO estimate)",SL.TLF.CACT.FE.ZS,,,,,,,,,,,,,,,,,,,,,,,,,,,,,,
Morocco,MAR,"Labor force participation rate, female (% of female population ages 15+) (modeled ILO estimate)",SL.TLF.CACT.FE.ZS,23.1,23.26,23.24,23.26,23.52,23.53,23.87,24.02,24.35,24.58,24.8,25.12,24.62,25.96,26.54,26.5,26.21,25.93,25.65,25.6,25.57,25.54,24.79,24.6,23.8,23.01,22.25,21.49,21.55,21.59
Monaco,MCO,"Labor force participation rate, female (% of female population ages 15+) (modeled ILO estimate)",SL.TLF.CACT.FE.ZS,,,,,,,,,,,,,,,,,,,,,,,,,,,,,,
Moldova,MDA,"Labor force participation rate, female (% of female population ages 15+) (modeled ILO estimate)",SL.TLF.CACT.FE.ZS,46.77,47.06,47.93,48.74,50.21,50.83,51.42,50.97,51.81,52.2,51.77,50.79,49.67,48.82,48,46.26,44.5,42.76,41.02,39.27,38.59,39.17,38.02,38.5,38.27,41.27,39.98,39.29,35.51,38.22
Madagascar,MDG,"Labor force participation rate, female (% of female population ages 15+) (modeled ILO estimate)",SL.TLF.CACT.FE.ZS,84.12,84.13,84.11,84.1,84.08,84.08,84.09,84.1,84.12,84.13,84.14,84.16,84.19,84.19,84.18,84.16,84.92,85.6,86.19,86.7,87.12,86.86,86.55,85.68,84.67,83.52,83.42,83.35,83.29,83.23
Maldives,MDV,"Labor force participation rate, female (% of female population ages 15+) (modeled ILO estimate)",SL.TLF.CACT.FE.ZS,20.21,21.65,23.18,24.79,26.46,28.17,29.96,31.76,33.59,35.47,37.43,37.26,37.18,37.18,37.26,37.39,37.54,37.73,37.94,38.15,39.8,41.51,43.29,45.13,47.04,45.05,42.95,42.88,42.35,41.61
Middle East & North Africa,MEA,"Labor force participation rate, female (% of female population ages 15+) (modeled ILO estimate)",SL.TLF.CACT.FE.ZS,17.35644342,17.42675748,17.39613063,17.53083903,17.87098803,17.836497,17.70050316,17.67719639,17.72252879,18.3655364,18.66230142,18.86841439,18.74830664,19.25152057,19.65188025,20.05229899,20.00415462,20.28014913,19.52866815,19.93275211,19.91662293,19.80170591,19.88876595,20.06016391,19.93999607,20.20962904,20.79781626,20.59331258,19.81211674,19.77049151
Mexico,MEX,"Labor force participation rate, female (% of female population ages 15+) (modeled ILO estimate)",SL.TLF.CACT.FE.ZS,33.7,34.11,34.98,35.94,36.43,37.63,37.57,39.66,39.35,38.52,38.86,38.17,38.41,39.08,40.21,41.31,42.48,42.88,42.73,43.25,43.08,43.41,44.47,44.49,43.51,43.87,43.92,43.6,44.11,45.58
Marshall Islands,MHL,"Labor force participation rate, female (% of female population ages 15+) (modeled ILO estimate)",SL.TLF.CACT.FE.ZS,,,,,,,,,,,,,,,,,,,,,,,,,,,,,,
Middle income,MIC,"Labor force participation rate, female (% of female population ages 15+) (modeled ILO estimate)",SL.TLF.CACT.FE.ZS,51.34721532,51.19553076,51.18325451,51.01051457,51.11012536,50.9930287,50.80251914,50.66547926,50.55076247,50.52586909,50.38110766,50.04292461,49.76200847,49.55881117,49.38049736,49.2046888,48.72961301,48.48447926,48.00401468,47.68543821,47.18337693,46.77769818,46.39673541,46.09336354,45.79405244,45.63140685,45.38787695,45.20538368,44.98511349,44.88869749
North Macedonia,MKD,"Labor force participation rate, female (% of female population ages 15+) (modeled ILO estimate)",SL.TLF.CACT.FE.ZS,42.17,42.38,42.61,42.92,42.78,42.59,42.42,41.78,41.15,40.56,40.92,41.31,41.71,42.54,42.29,42.05,41.86,42.87,42.59,42.46,42.79,43.44,43.01,44.37,43.92,43.53,42.35,42.72,43.01,44.92
Mali,MLI,"Labor force participation rate, female (% of female population ages 15+) (modeled ILO estimate)",SL.TLF.CACT.FE.ZS,59.8,59.71,59.7,59.68,59.68,59.72,59.73,59.78,59.83,59.89,59.99,59.99,60.06,60.11,60.2,60.26,60.26,60.28,60.29,60.32,60.34,60.32,60.34,60.35,60.33,61.25,59.52,57.8,57.82,57.84
Malta,MLT,"Labor force participation rate, female (% of female population ages 15+) (modeled ILO estimate)",SL.TLF.CACT.FE.ZS,27.7,27.61,27.82,28.08,28.13,28.17,28.6,29.07,29.23,29.6,29.89,29.23,30.68,30.05,28.01,29.44,29.84,31.77,32.78,33.26,33.95,35.31,38.36,40.35,41.75,42.2,43.48,44.5,46.58,48.37
Myanmar,MMR,"Labor force participation rate, female (% of female population ages 15+) (modeled ILO estimate)",SL.TLF.CACT.FE.ZS,62.39,62.44,62.11,61.89,61.62,61.37,61.14,60.94,60.73,60.3,59.72,59.19,58.61,57.95,57.3,56.64,55.97,55.35,54.81,54.27,53.77,53.45,53.07,52.65,52.24,51.86,49.9,48.01,48.73,46.23
Middle East & North Africa (excluding high income),MNA,"Labor force participation rate, female (% of female population ages 15+) (modeled ILO estimate)",SL.TLF.CACT.FE.ZS,16.44392601,16.49485315,16.58414202,16.6753384,16.98881197,16.77811555,16.61547126,16.56686337,16.57906398,17.21545133,17.52343929,17.75663211,17.61984067,18.11734097,18.50713022,18.87804284,18.73496968,19.00531434,18.11988869,18.49969346,18.31909829,18.04267041,17.98726928,18.10790618,17.84594073,17.98387218,18.54107964,18.31162561,17.42779624,17.37367163
Montenegro,MNE,"Labor force participation rate, female (% of female population ages 15+) (modeled ILO estimate)",SL.TLF.CACT.FE.ZS,43.37,43.48,43.53,43.4,43.21,42.92,42.72,42.59,42.36,42.33,42.1,41.94,41.8,41.7,41.6,41.52,41.6,41.69,41.83,41.54,41.48,41.47,43.23,43.07,45.26,46.61,46.33,46.01,46.4,47.8
Mongolia,MNG,"Labor force participation rate, female (% of female population ages 15+) (modeled ILO estimate)",SL.TLF.CACT.FE.ZS,50.93,51.64,52.43,52.97,53.27,53.39,53.62,53.79,53.99,54.17,54.38,54.37,54.24,54.02,53.74,53.68,53.66,53.68,53.82,53.67,53.14,53.89,53.79,53.71,53.97,53.76,52.69,53.36,52.29,55.33
Northern Mariana Islands,MNP,"Labor force participation rate, female (% of female population ages 15+) (modeled ILO estimate)",SL.TLF.CACT.FE.ZS,,,,,,,,,,,,,,,,,,,,,,,,,,,,,,
Mozambique,MOZ,"Labor force participation rate, female (% of female population ages 15+) (modeled ILO estimate)",SL.TLF.CACT.FE.ZS,87.36,87.15,87.02,86.92,86.87,86.84,86.87,86.87,87.17,87.39,87.55,87.64,87.68,87.68,87.14,86.55,85.91,85.21,84.47,83.67,82.83,81.93,80.98,79.97,78.9,77.76,77.69,77.61,77.52,77.44
Mauritania,MRT,"Labor force participation rate, female (% of female population ages 15+) (modeled ILO estimate)",SL.TLF.CACT.FE.ZS,29.53,29.53,29.54,29.53,29.59,29.57,29.57,29.62,29.64,29.67,29.76,29.49,29.24,29.02,28.81,28.63,28.46,28.32,28.21,28.12,28.05,28,27.98,27.91,27.86,27.82,27.79,27.77,27.94,28.1
Mauritius,MUS,"Labor force participation rate, female (% of female population ages 15+) (modeled ILO estimate)",SL.TLF.CACT.FE.ZS,38.47,38.71,38.83,38.89,38.96,39.09,39.15,39.24,39.38,39.54,39.71,39.81,39.87,39.88,39.83,41.27,41.53,40.47,41.28,41.56,43.05,42.14,42.49,44.34,44.62,45.69,44.77,45.08,44.96,45.04
Malawi,MWI,"Labor force participation rate, female (% of female population ages 15+) (modeled ILO estimate)",SL.TLF.CACT.FE.ZS,76.69,76.61,76.57,76.47,76.46,76.38,76.35,76.34,76.32,76.14,75.91,75.62,75.3,74.97,74.65,74.36,74.13,73.92,73.71,73.51,73.3,73.1,72.89,72.68,72.66,72.65,72.62,72.6,72.57,72.53
Malaysia,MYS,"Labor force participation rate, female (% of female population ages 15+) (modeled ILO estimate)",SL.TLF.CACT.FE.ZS,45.54,45.39,45.27,45.14,45.02,44.89,44.77,44.7,44.87,44.8,44.69,44.58,44.41,44.26,44.12,44.04,43.87,43.74,43.09,43.66,43.5,45.15,46.53,49.2,50.13,50.47,50.62,50.96,51.37,51.33
North America,NAC,"Labor force participation rate, female (% of female population ages 15+) (modeled ILO estimate)",SL.TLF.CACT.FE.ZS,56.36745579,56.22071568,56.55692088,56.62796582,57.54697125,57.75386189,58.01965112,58.5475287,58.64376058,58.83888693,58.98291923,58.81507333,58.74426474,58.72181731,58.46473995,58.51357557,58.62260302,58.63142489,58.82197764,58.5255451,57.95135209,57.41491561,57.2927294,56.85411461,56.632677,56.35799864,56.5089192,56.82238033,56.87036036,57.22051226
Namibia,NAM,"Labor force participation rate, female (% of female population ages 15+) (modeled ILO estimate)",SL.TLF.CACT.FE.ZS,48.45,48.54,48.66,48.86,49.05,48.36,47.7,47.1,47.38,47.67,47.95,48.43,48.87,49.3,49.71,50.12,50.62,51.12,51.6,52.09,52.59,53.18,53.79,58.12,57.45,56.35,55.31,55.32,55.47,55.77
New Caledonia,NCL,"Labor force participation rate, female (% of female population ages 15+) (modeled ILO estimate)",SL.TLF.CACT.FE.ZS,58.78,59.31,60.01,60.66,61.17,61.51,61.67,61.81,61.94,61.97,61.91,61.71,61.45,61.13,60.85,60.62,60.59,60.69,60.88,61.02,61.04,60.66,60.17,59.62,59.12,58.72,58.4,58.16,57.97,57.76
Niger,NER,"Labor force participation rate, female (% of female population ages 15+) (modeled ILO estimate)",SL.TLF.CACT.FE.ZS,69.07,69.07,69.06,69.06,69.06,69.05,69.03,69,68.94,68.93,68.93,68.89,68.86,68.86,68.86,68.83,68.77,68.74,68.68,68.66,68.6,68.54,66.13,63.62,61.04,60.99,60.94,60.89,60.84,60.8
Nigeria,NGA,"Labor force participation rate, female (% of female population ages 15+) (modeled ILO estimate)",SL.TLF.CACT.FE.ZS,55.24,55.17,55.11,55.11,55.14,55.18,55.14,55.13,55.15,55.21,55.26,55.24,55.18,55.19,55.2,55.24,55.23,55.24,55.25,55.26,55.26,55.25,52.7,50.24,49.57,48.85,48.11,48.26,48.39,48.52
Nicaragua,NIC,"Labor force participation rate, female (% of female population ages 15+) (modeled ILO estimate)",SL.TLF.CACT.FE.ZS,36.75,36.54,35.73,34.91,34.29,33.82,34.21,35.12,36.05,37.22,38.55,39.61,40.71,41.84,42.98,44.14,45.31,45.75,46.2,46.65,47.1,47.58,48.06,48.54,49.01,49.51,49.97,50.39,50.06,49.74
Netherlands,NLD,"Labor force participation rate, female (% of female population ages 15+) (modeled ILO estimate)",SL.TLF.CACT.FE.ZS,43.05,43.83,45.11,45.59,46.69,47.31,48.34,49.73,50.57,52.11,53.22,54.2,54.89,55.61,56.1,54.89,55.43,56.76,57.72,58.16,58.03,58.09,58.63,58.54,57.81,58.2,58.02,58.08,58.37,59
Norway,NOR,"Labor force participation rate, female (% of female population ages 15+) (modeled ILO estimate)",SL.TLF.CACT.FE.ZS,55.1,55.09,54.89,54.99,55.5,57.17,58.42,59.8,61.14,61.11,61.23,61.5,62.36,60.98,61.17,60.71,61.03,62.08,63.24,62.61,61.78,61.64,61.6,61.56,61.35,61.33,60.87,60.26,60.44,60.59
Nepal,NPL,"Labor force participation rate, female (% of female population ages 15+) (modeled ILO estimate)",SL.TLF.CACT.FE.ZS,81.38,81.38,81.41,81.48,81.57,81.67,81.62,81.6,81.6,81.63,81.41,81.16,80.91,80.65,80.39,80.13,79.88,79.62,79.34,79.38,79.43,79.5,79.67,79.9,80.14,80.37,80.73,81.05,81.31,81.52
Nauru,NRU,"Labor force participation rate, female (% of female population ages 15+) (modeled ILO estimate)",SL.TLF.CACT.FE.ZS,,,,,,,,,,,,,,,,,,,,,,,,,,,,,,
New Zealand,NZL,"Labor force participation rate, female (% of female population ages 15+) (modeled ILO estimate)",SL.TLF.CACT.FE.ZS,53.3,53.63,53.4,53.31,54.41,55.12,56.42,56.31,56.22,56.52,56.69,57.65,58.36,58.62,59.08,60.1,60.65,61.09,61.36,61.25,60.97,61.44,61.57,62.02,62.9,62.85,63.93,64.68,64.87,64.88
OECD members,OED,"Labor force participation rate, female (% of female population ages 15+) (modeled ILO estimate)",SL.TLF.CACT.FE.ZS,47.84684015,48.15140092,48.17429723,47.89762748,48.45013057,48.59144301,48.76730516,49.12101967,49.15332194,49.3371255,49.38428776,49.34063021,49.5065224,49.67186304,49.62277679,49.91362764,50.15031734,50.28628174,50.565147,50.80334583,50.81910349,50.8605677,51.16190105,51.25462922,51.25995806,51.38876827,51.65057354,51.92656892,52.21651654,52.59254586
Oman,OMN,"Labor force participation rate, female (% of female population ages 15+) (modeled ILO estimate)",SL.TLF.CACT.FE.ZS,20.77,21.07,21.23,21.38,21.56,21.71,21.89,22.11,22.51,23.02,23.33,23.49,23.91,24.44,24.54,24.69,25,25.38,25.85,26.41,27.03,27.49,28.06,28.75,29.51,30.3,30.82,33.16,35.87,35.97
Other small states,OSS,"Labor force participation rate, female (% of female population ages 15+) (modeled ILO estimate)",SL.TLF.CACT.FE.ZS,49.38261957,49.32864723,49.34646655,49.3138991,49.41224608,49.3719953,49.34786706,49.47566478,49.47606417,49.64326881,49.79924195,49.90507837,49.94777588,50.21612972,50.32160619,50.52993598,50.85594959,51.02723995,51.31930291,51.53714961,51.64064617,51.98066793,52.58332307,53.38290592,53.61442915,54.01927811,53.9209921,54.08180075,54.25250152,54.39383388
Pakistan,PAK,"Labor force participation rate, female (% of female population ages 15+) (modeled ILO estimate)",SL.TLF.CACT.FE.ZS,13.95,13.83,13.82,14.19,14.57,12.51,13.61,14.84,15.18,15.49,16.07,15.97,16.09,16.96,17.88,18.38,18.93,19.21,19.67,20.73,21.72,22.07,22.31,22.58,22.92,23.86,23.1,22.36,21.65,21.67
Panama,PAN,"Labor force participation rate, female (% of female population ages 15+) (modeled ILO estimate)",SL.TLF.CACT.FE.ZS,38.25,39.06,39.73,40.45,41.42,42.8,43.25,43.69,43.91,44.12,44.86,45.59,46.31,46.87,47.12,47.95,46.62,47.5,48.63,47.86,47.09,45.42,47.96,49.49,49.52,50.71,51.23,50.97,53.41,54.86
Peru,PER,"Labor force participation rate, female (% of female population ages 15+) (modeled ILO estimate)",SL.TLF.CACT.FE.ZS,43.17,43.38,44.49,45.63,46.79,50.07,52.77,55.52,55.86,58.04,54.91,60.16,62.43,64.18,66.14,64.12,67.21,70.03,70.29,70.71,72.19,71.48,71.19,70.6,69.6,67.99,68.1,69.62,70.31,70.58
Philippines,PHL,"Labor force participation rate, female (% of female population ages 15+) (modeled ILO estimate)",SL.TLF.CACT.FE.ZS,47.25,47.54,47.67,47.85,47.75,47.78,47.65,47.63,47.81,47.84,47.74,47.7,47.57,47.04,46.71,47.55,47.96,48.03,47.52,48.29,48.48,49.25,48.82,48.75,49.52,49.26,48.75,45.42,45.99,47.05
Palau,PLW,"Labor force participation rate, female (% of female population ages 15+) (modeled ILO estimate)",SL.TLF.CACT.FE.ZS,,,,,,,,,,,,,,,,,,,,,,,,,,,,,,
Papua New Guinea,PNG,"Labor force participation rate, female (% of female population ages 15+) (modeled ILO estimate)",SL.TLF.CACT.FE.ZS,71.33,70.92,70.29,69.44,69.26,69.62,69.35,69.75,70.15,70.23,70.55,68.52,66.42,64.23,61.97,59.63,57.23,54.77,52.28,49.75,47.2,47.27,47.2,47.16,46.8,46.57,46.49,46.44,46.53,46.42
Poland,POL,"Labor force participation rate, female (% of female population ages 15+) (modeled ILO estimate)",SL.TLF.CACT.FE.ZS,53.38,53.52,53.36,52.87,52.27,51.14,50.52,49.36,49.12,48.66,49.58,49.98,48.8,48.22,47.48,47.79,46.7,46.44,46.8,47.42,48.27,48.33,48.67,48.63,48.97,48.76,48.75,48.86,48.91,48.6
Pre-demographic dividend,PRE,"Labor force participation rate, female (% of female population ages 15+) (modeled ILO estimate)",SL.TLF.CACT.FE.ZS,59.65547508,59.59244895,59.51807181,59.46816801,59.43332449,59.41340419,59.38684681,59.34387312,59.34133799,59.34940745,59.26359679,59.13861701,59.03362732,58.94170297,58.8488305,58.75539971,58.74958647,58.71081742,58.57531029,58.41725832,58.22139871,58.0156552,57.2113722,56.58466712,56.33985271,56.24289038,56.19901422,56.12578436,56.22082393,56.32027076
Puerto Rico,PRI,"Labor force participation rate, female (% of female population ages 15+) (modeled ILO estimate)",SL.TLF.CACT.FE.ZS,30.45,30.91,31.52,33.65,33.38,33.13,33.76,34.79,34.71,36.27,34.7,35.42,36.15,36.37,36.03,36.84,37.92,37.3,36.49,35.99,35.5,34.95,34.38,33.8,33.18,32.52,32.6,32.59,32.54,32.54
"Korea, Dem. People's Rep.",PRK,"Labor force participation rate, female (% of female population ages 15+) (modeled ILO estimate)",SL.TLF.CACT.FE.ZS,76.11,76.27,76.49,76.6,76.61,76.59,76.54,76.48,76.3,76.02,75.83,75.61,75.43,75.26,75.09,74.91,74.78,74.66,74.51,74.4,74.3,74.18,74.06,73.96,73.87,73.8,73.72,73.7,73.66,73.55
Portugal,PRT,"Labor force participation rate, female (% of female population ages 15+) (modeled ILO estimate)",SL.TLF.CACT.FE.ZS,48.35,50.42,48.69,49.14,49.54,49.26,49.89,50.89,51.85,52.25,52.69,53.43,54,54.68,54.25,55.29,55.58,56.01,55.87,55.63,55.81,54.6,54.64,54.11,53.77,53.75,53.53,54.1,54.52,54.72
Paraguay,PRY,"Labor force participation rate, female (% of female population ages 15+) (modeled ILO estimate)",SL.TLF.CACT.FE.ZS,52.23,52.41,52.43,52.74,53.11,53.01,52.9,52.81,52.71,52.63,52.55,52.48,52.42,52.24,57.3,56.05,52.24,54.42,54.13,56.26,53.85,55.43,60.29,58.75,55.99,55.94,56.29,56.57,59.01,59.98
West Bank and Gaza,PSE,"Labor force participation rate, female (% of female population ages 15+) (modeled ILO estimate)",SL.TLF.CACT.FE.ZS,11.88,11.91,11.96,11.96,11.94,12.01,11.97,12.17,12.4,12.55,12.47,10.08,10.1,12.49,12.82,12.7,13.37,14.96,14.57,14.36,13.75,15.26,15.75,15.41,16.14,17.62,17.14,17.43,17.45,18.18
Pacific island small states,PSS,"Labor force participation rate, female (% of female population ages 15+) (modeled ILO estimate)",SL.TLF.CACT.FE.ZS,49.05795904,49.44967477,49.64195191,49.93828745,50.10006059,50.10992172,50.15377036,49.95127382,49.73088334,49.59182944,49.58892526,49.61618807,49.67397584,49.64013117,49.61056295,49.53858618,50.43039914,51.2759167,52.10353281,53.07305956,53.98339858,54.91456303,54.52214189,54.19406261,53.90165841,53.48992652,52.94750752,53.02782144,53.09723688,53.15798144
Post-demographic dividend,PST,"Labor force participation rate, female (% of female population ages 15+) (modeled ILO estimate)",SL.TLF.CACT.FE.ZS,49.49878026,49.79594744,49.82608744,49.73329827,50.18069717,50.33659643,50.54738215,50.85089748,50.84039578,51.05171365,51.27681158,51.24950906,51.44747891,51.6296658,51.72991645,51.96516098,52.27092212,52.46401261,52.73728465,52.77553529,52.65089565,52.56947766,52.70070725,52.81488994,52.87103835,52.94376137,53.19411552,53.51043913,53.78397402,54.12769965
French Polynesia,PYF,"Labor force participation rate, female (% of female population ages 15+) (modeled ILO estimate)",SL.TLF.CACT.FE.ZS,47.33,47.53,47.76,47.98,48.14,48.22,48.35,48.42,48.36,48.22,48.04,47.89,47.75,47.62,47.53,47.48,47.48,47.53,47.94,48.29,48.58,48.96,49.25,49.06,48.82,48.58,48.32,48.09,47.85,47.55
Qatar,QAT,"Labor force participation rate, female (% of female population ages 15+) (modeled ILO estimate)",SL.TLF.CACT.FE.ZS,44.96,45.67,45.32,45.53,45.45,45.28,44.62,42.6,41.83,41.67,41.3,42.48,43.32,44.38,44.41,45.41,46.95,48.77,48.92,49.14,51.44,52.89,54.28,55.81,57.41,58.94,58.11,57.38,56.92,56.64
Romania,ROU,"Labor force participation rate, female (% of female population ages 15+) (modeled ILO estimate)",SL.TLF.CACT.FE.ZS,62.15,62.54,62.94,62.5,62.11,61.82,58.72,59.57,58.51,58.59,57.96,56.68,50.66,48.54,48.07,46.3,47.22,46.8,46.12,45.85,46.31,46.13,46.27,46.01,46.15,45.19,44.47,45.93,45.75,45.6
Russian Federation,RUS,"Labor force participation rate, female (% of female population ages 15+) (modeled ILO estimate)",SL.TLF.CACT.FE.ZS,58.79,58.41,57.94,56.05,54.12,53.57,52.74,51.74,51.08,54.46,54.56,53.42,54.43,54.19,54.67,55.15,55.52,56.13,56.06,56.2,55.88,56.13,56.07,55.75,55.67,55.49,55.61,55.19,55.24,54.58
Rwanda,RWA,"Labor force participation rate, female (% of female population ages 15+) (modeled ILO estimate)",SL.TLF.CACT.FE.ZS,87.95,87.76,87.42,86.91,86.33,85.65,85.58,85.35,85.07,84.77,84.48,84.38,84.32,84.28,84.24,84.2,84.17,84.15,84.13,84.11,84.08,84.06,84.01,83.94,83.85,83.88,83.88,83.9,83.91,83.89
South Asia,SAS,"Labor force participation rate, female (% of female population ages 15+) (modeled ILO estimate)",SL.TLF.CACT.FE.ZS,29.34788839,29.28852757,29.27674062,29.39210189,29.56491853,29.33096122,29.38280728,29.46596465,29.57872184,29.53444961,29.55435644,29.74164104,29.95794913,30.25140038,30.55004103,30.81664019,29.88433664,28.99902605,28.15864607,27.42572346,26.68045944,25.66537111,24.68026123,24.47303689,24.24496651,24.13963751,23.85210064,23.82015435,23.49737322,23.59789082
Saudi Arabia,SAU,"Labor force participation rate, female (% of female population ages 15+) (modeled ILO estimate)",SL.TLF.CACT.FE.ZS,14.57,14.27,14.22,14.49,14.7,14.88,15.11,15.43,15.84,16.34,16.1,15.84,15.89,16.45,17.05,17.68,18.27,17.85,17.52,17.16,18.28,19.63,20.42,20.4,20.83,22.22,23.2,22.56,21.95,22.09
Sudan,SDN,"Labor force participation rate, female (% of female population ages 15+) (modeled ILO estimate)",SL.TLF.CACT.FE.ZS,23.45,24.23,25.03,25.87,26.73,27.61,28.51,28.45,28.4,28.35,28.32,28.29,28.27,28.25,28.24,28.22,28.2,28.18,28.16,28.14,28.12,28.1,28.16,28.28,28.43,28.58,28.73,28.9,29.12,29.36
Senegal,SEN,"Labor force participation rate, female (% of female population ages 15+) (modeled ILO estimate)",SL.TLF.CACT.FE.ZS,32.92,32.94,32.96,33.01,33.08,33.15,33.17,33.22,33.27,33.34,33.43,33.51,33.63,33.72,33.82,33.92,34.01,34.08,34.15,34.22,34.3,34.38,34.46,34.54,34.62,34.7,34.78,34.87,34.99,35.12
Singapore,SGP,"Labor force participation rate, female (% of female population ages 15+) (modeled ILO estimate)",SL.TLF.CACT.FE.ZS,46.96,47.44,47.99,48.83,49.53,50.22,50.93,51.51,50.91,51.73,52.15,52.63,51.66,52.38,52.85,53.34,54.06,54.81,57.26,56.89,58.08,58.83,59.8,60.13,61.37,62.57,62.51,62.14,62.07,61.91
Solomon Islands,SLB,"Labor force participation rate, female (% of female population ages 15+) (modeled ILO estimate)",SL.TLF.CACT.FE.ZS,81.77,81.61,81.21,81.2,80.98,80.81,80.93,81.21,81.34,81.57,82.38,82.85,83.11,83.05,83.04,82.99,82.85,82.69,82.55,82.83,82.73,82.38,82.3,82.27,82.27,82.25,82.22,82.18,82.13,82.11
Sierra Leone,SLE,"Labor force participation rate, female (% of female population ages 15+) (modeled ILO estimate)",SL.TLF.CACT.FE.ZS,63.16,63.07,63.12,63.08,63.08,63.13,63.07,63.08,63.06,63.08,63.06,63.11,63.04,63.04,64.32,63.55,62.78,62.01,61.25,60.49,59.75,59,58.26,57.54,56.82,57.06,57.16,57.28,57.4,57.53
El Salvador,SLV,"Labor force participation rate, female (% of female population ages 15+) (modeled ILO estimate)",SL.TLF.CACT.FE.ZS,39.93,40.24,40.99,42.96,44.48,43.11,41.75,41.93,45.28,45.65,45.4,45.15,44.91,46.39,44.75,45.46,46.2,46.5,46.59,46.64,45.96,45.69,46.61,47.59,46.16,45.16,46,45.36,45.12,45.37
San Marino,SMR,"Labor force participation rate, female (% of female population ages 15+) (modeled ILO estimate)",SL.TLF.CACT.FE.ZS,,,,,,,,,,,,,,,,,,,,,,,,,,,,,,
Somalia,SOM,"Labor force participation rate, female (% of female population ages 15+) (modeled ILO estimate)",SL.TLF.CACT.FE.ZS,24.61,24.35,24.26,24.14,24.12,23.84,23.44,23.08,22.7,22.36,22.11,21.74,21.53,21.42,21.36,21.32,21.12,20.94,20.79,20.74,20.79,20.76,20.86,21.04,21.25,21.44,21.63,21.82,22,22.21
Serbia,SRB,"Labor force participation rate, female (% of female population ages 15+) (modeled ILO estimate)",SL.TLF.CACT.FE.ZS,49.47,50.37,50.77,50.62,50.31,49.72,49.13,48.53,48.2,48.77,48.15,47.56,47.03,46.61,46.04,45.68,45.37,46.03,45.38,44.26,42.93,42.71,43.09,44.02,44.5,44.21,46.22,47.08,47.54,47.92
Sub-Saharan Africa (excluding high income),SSA,"Labor force participation rate, female (% of female population ages 15+) (modeled ILO estimate)",SL.TLF.CACT.FE.ZS,62.39951475,62.39691155,62.40434089,62.43184701,62.47386825,62.59909648,62.70414014,62.784476,62.8582515,62.93768471,63.00190434,63.01765381,63.05201459,63.09600993,63.12813375,63.12980881,63.11938284,63.06976833,62.9614339,62.70305739,62.42335432,62.32937915,61.73352658,61.2974949,61.08938471,61.07772336,61.01902933,61.13161714,61.20671202,61.29248435
South Sudan,SSD,"Labor force participation rate, female (% of female population ages 15+) (modeled ILO estimate)",SL.TLF.CACT.FE.ZS,71.02,70.96,70.92,70.9,70.89,70.88,70.86,70.85,70.84,70.83,70.81,70.76,70.72,70.68,70.64,70.62,70.61,70.61,70.62,70.63,70.63,70.63,70.63,70.64,70.66,70.69,70.73,70.79,70.86,70.93
Sub-Saharan Africa,SSF,"Labor force participation rate, female (% of female population ages 15+) (modeled ILO estimate)",SL.TLF.CACT.FE.ZS,62.39951475,62.39691155,62.40434089,62.43184701,62.47386825,62.59909648,62.70414014,62.784476,62.8582515,62.93768471,63.00190434,63.01765381,63.05201459,63.09600993,63.12813375,63.12980881,63.11938284,63.06976833,62.9614339,62.70305739,62.42335432,62.32937915,61.73352658,61.2974949,61.08938471,61.07772336,61.01902933,61.13161714,61.20671202,61.29248435
Small states,SST,"Labor force participation rate, female (% of female population ages 15+) (modeled ILO estimate)",SL.TLF.CACT.FE.ZS,49.90933819,50.03709301,50.22590279,50.37222764,50.53209475,50.41820041,50.36284175,50.26576091,50.06792814,50.10095958,50.12577257,50.18054307,50.20071983,50.47877925,50.69006311,50.96899585,51.27698353,51.39823779,51.69236547,51.83725237,51.95246092,52.24333669,52.74012311,53.47755608,53.64384366,53.91568651,54.02820146,54.23821009,54.30236049,54.4649015
Sao Tome and Principe,STP,"Labor force participation rate, female (% of female population ages 15+) (modeled ILO estimate)",SL.TLF.CACT.FE.ZS,37.03,37.09,37.07,37.03,37.03,37.11,37.26,37.51,37.84,38.21,38.58,38.84,39.1,39.29,39.47,39.6,40.02,40.48,40.86,41.22,41.48,41.62,41.7,41.72,41.69,41.67,41.68,41.67,41.65,41.64
Suriname,SUR,"Labor force participation rate, female (% of female population ages 15+) (modeled ILO estimate)",SL.TLF.CACT.FE.ZS,33.33,33.5,33.43,32.79,32.92,32.86,33.04,33.6,33.96,34.09,34.48,34.86,35.14,35.67,36.34,36.75,37.27,37.75,38.17,38.5,38.95,39.42,39.67,39.9,39.94,39.72,39.29,39.39,39.55,39.44
Slovak Republic,SVK,"Labor force participation rate, female (% of female population ages 15+) (modeled ILO estimate)",SL.TLF.CACT.FE.ZS,59.12,59.72,57.6,55.19,51.44,51.57,52.31,51.81,51.23,51.68,52.3,52.86,52.34,52.59,52.51,51.27,50.67,50.48,50.89,50.18,50.64,50.21,50.73,51.08,51.12,52,52.64,52.8,52.38,52.35
Slovenia,SVN,"Labor force participation rate, female (% of female population ages 15+) (modeled ILO estimate)",SL.TLF.CACT.FE.ZS,52.46,52.2,51.99,51.79,51.61,51.45,51.33,52.53,53.05,51.76,51.21,50.9,51.63,50.23,52.76,52.8,53.21,53.44,53.58,53.47,53.13,52.31,52.28,51.76,52.32,52.02,52.06,53.74,53.81,53.3
Sweden,SWE,"Labor force participation rate, female (% of female population ages 15+) (modeled ILO estimate)",SL.TLF.CACT.FE.ZS,63.14,62.47,61.11,59.46,58.62,59.09,59.26,58.69,58.15,58.84,58.36,58.49,58.59,58.71,58.4,58.82,59.22,59.68,59.79,59.34,58.94,59.47,59.72,60.2,60.4,60.69,60.74,61,61.16,61.19
Eswatini,SWZ,"Labor force participation rate, female (% of female population ages 15+) (modeled ILO estimate)",SL.TLF.CACT.FE.ZS,42.62,42.75,42.83,42.91,43.02,43.18,43.3,43.45,43.62,43.79,43.97,44.16,44.34,44.51,44.66,44.79,44.94,45.07,45.21,45.35,45.49,45.83,46.17,46.51,46.79,46.97,47.54,47.98,48.32,48.61
Sint Maarten (Dutch part),SXM,"Labor force participation rate, female (% of female population ages 15+) (modeled ILO estimate)",SL.TLF.CACT.FE.ZS,,,,,,,,,,,,,,,,,,,,,,,,,,,,,,
Seychelles,SYC,"Labor force participation rate, female (% of female population ages 15+) (modeled ILO estimate)",SL.TLF.CACT.FE.ZS,,,,,,,,,,,,,,,,,,,,,,,,,,,,,,
Syrian Arab Republic,SYR,"Labor force participation rate, female (% of female population ages 15+) (modeled ILO estimate)",SL.TLF.CACT.FE.ZS,22.05,22.27,22.59,22.78,23.02,23.22,20.92,18.82,16.9,18.37,20.07,19.75,19.44,19.15,17.61,16.23,15.03,14.23,14.78,13.04,13.21,13.34,13.52,13.74,13.99,14.21,14.41,14.54,14.64,14.72
Turks and Caicos Islands,TCA,"Labor force participation rate, female (% of female population ages 15+) (modeled ILO estimate)",SL.TLF.CACT.FE.ZS,,,,,,,,,,,,,,,,,,,,,,,,,,,,,,
Chad,TCD,"Labor force participation rate, female (% of female population ages 15+) (modeled ILO estimate)",SL.TLF.CACT.FE.ZS,64.79,64.68,64.59,64.65,64.57,64.55,64.5,64.45,64.4,64.41,64.41,64.33,64.27,64.18,64.02,63.93,63.93,63.91,63.91,63.91,63.85,63.87,63.84,63.84,63.83,63.85,63.91,63.96,63.98,64
East Asia & Pacific (IDA & IBRD countries),TEA,"Labor force participation rate, female (% of female population ages 15+) (modeled ILO estimate)",SL.TLF.CACT.FE.ZS,69.00880424,68.79833953,68.73782456,68.51048417,68.51765053,68.38777218,68.24127295,67.95319877,67.78977956,67.45415711,67.22993746,66.39262574,65.48891259,64.78021882,64.0403039,63.3763339,62.82745344,62.85717305,62.52665448,62.16816035,61.7752143,61.70116411,61.5176545,61.15741083,60.91566241,60.59463994,60.20386274,59.76769506,59.56991367,59.22279097
Europe & Central Asia (IDA & IBRD countries),TEC,"Labor force participation rate, female (% of female population ages 15+) (modeled ILO estimate)",SL.TLF.CACT.FE.ZS,53.62198686,53.50973134,53.26689989,51.8675177,51.75849628,51.43060827,50.62618114,49.73093272,49.21095534,50.24013606,49.83095794,49.32490874,49.22027706,48.65209896,48.19396722,48.06885399,48.02709169,48.12915461,48.15456095,48.361501,48.51989044,48.7558747,48.67845355,48.75068341,48.63153462,48.70750567,48.71367837,48.70687694,48.65647252,48.37770207
Togo,TGO,"Labor force participation rate, female (% of female population ages 15+) (modeled ILO estimate)",SL.TLF.CACT.FE.ZS,52.93,52.91,52.92,53,52.92,52.87,52.95,53.03,53.23,53.44,53.71,53.85,54,54.14,54.33,54.54,54.7,54.9,55.06,55.21,55.34,55.45,55.56,55.66,55.76,55.86,55.95,56.05,56.14,56.25
Thailand,THA,"Labor force participation rate, female (% of female population ages 15+) (modeled ILO estimate)",SL.TLF.CACT.FE.ZS,66.56,66.09,65.65,65.21,64.8,65.88,67.1,67.68,66.25,64.9,65.62,64.24,64.27,64.33,64.23,64.6,63.87,64.63,64.84,64.81,63.86,65.97,65.17,62.45,61.43,60.94,60.03,59.21,59.46,58.79
Tajikistan,TJK,"Labor force participation rate, female (% of female population ages 15+) (modeled ILO estimate)",SL.TLF.CACT.FE.ZS,31.21,31.28,31.37,31.48,31.59,31.71,31.81,31.92,32.03,32.16,32.29,32.36,32.42,32.49,32.99,32.28,31.53,30.69,29.84,29.65,29.94,30.22,30.49,30.77,31.07,31.38,31.69,30.77,29.94,29.18
Turkmenistan,TKM,"Labor force participation rate, female (% of female population ages 15+) (modeled ILO estimate)",SL.TLF.CACT.FE.ZS,45.17,45.85,47.49,47.74,49.77,50.83,50.58,52.06,51.73,50.59,50.34,50.15,50.3,50.17,49.88,48.97,48.27,47.62,46.8,46.61,46.29,45.76,45.5,45.33,45.16,45.08,44.95,44.78,44.59,44.39
Latin America & the Caribbean (IDA & IBRD countries),TLA,"Labor force participation rate, female (% of female population ages 15+) (modeled ILO estimate)",SL.TLF.CACT.FE.ZS,41.6688326,42.00006417,42.88742559,43.77818573,44.56406544,45.51896254,45.37306079,46.46176276,46.95367745,47.30463591,47.60689952,48.11895882,48.69530237,49.21040913,50.09345958,50.60522498,50.89498236,50.86161851,50.92686524,51.51050898,51.05849099,50.7208221,51.57827661,51.46361032,51.17208351,51.43400867,51.59469604,51.95647597,52.35914353,52.86149953
Timor-Leste,TLS,"Labor force participation rate, female (% of female population ages 15+) (modeled ILO estimate)",SL.TLF.CACT.FE.ZS,64.71,64.58,64.55,64.59,64.6,64.55,64.3,64.15,64.08,65.65,64.81,64.13,64.39,64.43,64.34,64.13,64.22,63.67,63.05,62.49,61.97,61.7,61.47,61.45,61.34,61.31,61.28,61.62,61.84,61.89
Middle East & North Africa (IDA & IBRD countries),TMN,"Labor force participation rate, female (% of female population ages 15+) (modeled ILO estimate)",SL.TLF.CACT.FE.ZS,16.48027248,16.53183303,16.62190732,16.71432872,17.03108964,16.8185673,16.65533901,16.60513407,16.61531811,17.25584779,17.56719726,17.82328757,17.68534849,18.16659685,18.55725725,18.93298552,18.78324596,19.04218081,18.1527462,18.5386064,18.36271522,18.06960477,18.00923753,18.13477767,17.8631636,17.9875916,18.55557098,18.32082612,17.42756129,17.36502791
Tonga,TON,"Labor force participation rate, female (% of female population ages 15+) (modeled ILO estimate)",SL.TLF.CACT.FE.ZS,35.91,38.29,40.69,43.08,45.44,44.97,44.53,44.06,43.6,43.16,42.76,42.63,42.54,42.47,42.38,42.22,41.99,41.69,41.33,40.96,40.6,40.4,40.2,39.97,39.68,39.3,38.94,38.54,38.14,38.09
South Asia (IDA & IBRD),TSA,"Labor force participation rate, female (% of female population ages 15+) (modeled ILO estimate)",SL.TLF.CACT.FE.ZS,29.34788839,29.28852757,29.27674062,29.39210189,29.56491853,29.33096122,29.38280728,29.46596465,29.57872184,29.53444961,29.55435644,29.74164104,29.95794913,30.25140038,30.55004103,30.81664019,29.88433664,28.99902605,28.15864607,27.42572346,26.68045944,25.66537111,24.68026123,24.47303689,24.24496651,24.13963751,23.85210064,23.82015435,23.49737322,23.59789082
Sub-Saharan Africa (IDA & IBRD countries),TSS,"Labor force participation rate, female (% of female population ages 15+) (modeled ILO estimate)",SL.TLF.CACT.FE.ZS,62.39951475,62.39691155,62.40434089,62.43184701,62.47386825,62.59909648,62.70414014,62.784476,62.8582515,62.93768471,63.00190434,63.01765381,63.05201459,63.09600993,63.12813375,63.12980881,63.11938284,63.06976833,62.9614339,62.70305739,62.42335432,62.32937915,61.73352658,61.2974949,61.08938471,61.07772336,61.01902933,61.13161714,61.20671202,61.29248435
Trinidad and Tobago,TTO,"Labor force participation rate, female (% of female population ages 15+) (modeled ILO estimate)",SL.TLF.CACT.FE.ZS,38.64,40.13,41.67,43.25,44.11,44.89,46.96,46.93,46.88,46.83,46.53,47.08,47.7,49.68,51.64,53.54,53.68,52.45,53.12,51.7,51.26,50.49,51.77,52.01,52.38,50.94,51.21,50.74,50.41,50.09
Tunisia,TUN,"Labor force participation rate, female (% of female population ages 15+) (modeled ILO estimate)",SL.TLF.CACT.FE.ZS,22.35,22.4,22.51,22.58,22.68,22.9,23.13,23.38,23.3,23.23,23.18,23.15,23.14,23.15,23.19,23.25,24.1,24.18,24.38,24.4,24.46,24.44,25.21,25.09,25.41,25.79,25.55,25.34,25.12,24.89
Turkey,TUR,"Labor force participation rate, female (% of female population ages 15+) (modeled ILO estimate)",SL.TLF.CACT.FE.ZS,34.04,33.94,32.51,26.6,31.07,30.75,30.38,28.6,29.04,29.77,26.29,26.84,27.55,26.21,23.38,23.3,23.05,23.11,23.99,25.48,27.03,28.32,28.87,30.09,30.23,31.45,32.47,33.53,34.08,34.27
Tuvalu,TUV,"Labor force participation rate, female (% of female population ages 15+) (modeled ILO estimate)",SL.TLF.CACT.FE.ZS,,,,,,,,,,,,,,,,,,,,,,,,,,,,,,
Tanzania,TZA,"Labor force participation rate, female (% of female population ages 15+) (modeled ILO estimate)",SL.TLF.CACT.FE.ZS,84.85,84.84,84.82,84.8,84.77,84.73,84.71,84.69,84.65,84.62,84.6,84.58,85.17,85.71,86.23,86.71,87.16,86.51,85.8,85.02,84.16,83.23,82.2,81.08,79.84,79.85,79.83,79.79,79.75,79.69
Uganda,UGA,"Labor force participation rate, female (% of female population ages 15+) (modeled ILO estimate)",SL.TLF.CACT.FE.ZS,62.57,62.55,62.73,62.91,63.1,63.28,63.45,63.62,63.79,63.96,64.13,64.32,64.51,64.7,64.89,65.07,65.27,65.46,65.65,65.84,66.05,66.25,66.46,66.52,66.58,66.64,66.71,66.79,66.86,66.93
Ukraine,UKR,"Labor force participation rate, female (% of female population ages 15+) (modeled ILO estimate)",SL.TLF.CACT.FE.ZS,53.25,52.91,52.64,52.59,53.32,53.92,53.15,52.23,51.21,50.04,50.78,50.09,50,49.83,49.4,48.6,48.5,48.44,48.43,48.49,48.46,48.31,47.55,48.45,47.12,47.44,47.18,47.12,47,46.87
Upper middle income,UMC,"Labor force participation rate, female (% of female population ages 15+) (modeled ILO estimate)",SL.TLF.CACT.FE.ZS,62.5441011,62.44804419,62.44277836,62.18756012,62.18155242,62.2020695,61.93837666,61.85701571,61.62273788,61.72716523,61.47509889,60.97980762,60.63061135,60.12990216,59.74251792,59.39941056,59.06365658,58.79681584,58.4815108,58.28629962,57.75980064,57.64495924,57.67376704,57.4161391,57.11340511,57.00528377,56.77424165,56.5315612,56.29198479,56.05124775
Uruguay,URY,"Labor force participation rate, female (% of female population ages 15+) (modeled ILO estimate)",SL.TLF.CACT.FE.ZS,45.49,45.78,47.5,46.88,48.1,49.15,49.59,50.07,50.54,50.21,50.84,52.96,51.72,51.98,51.47,52.32,52.74,54.04,55.32,55.6,55.33,55.98,55.79,54.98,55.98,55.74,55.94,55.61,55.42,55.46
United States,USA,"Labor force participation rate, female (% of female population ages 15+) (modeled ILO estimate)",SL.TLF.CACT.FE.ZS,56.2,56.04,56.48,56.58,57.62,57.86,58.16,58.71,58.75,58.91,59.02,58.8,58.59,58.45,58.15,58.24,58.33,58.26,58.46,58.14,57.5,56.93,56.79,56.29,56.11,55.84,56,56.32,56.39,56.76
Uzbekistan,UZB,"Labor force participation rate, female (% of female population ages 15+) (modeled ILO estimate)",SL.TLF.CACT.FE.ZS,50.79,51.19,52.64,53.24,54.08,54.5,54.7,54.59,54.53,54.42,54.36,54.26,54.17,54.04,53.61,53.22,52.79,52.21,51.7,51.3,51.07,50.84,50.54,50.24,49.97,49.67,49.44,49.32,49.1,48.84
St. Vincent and the Grenadines,VCT,"Labor force participation rate, female (% of female population ages 15+) (modeled ILO estimate)",SL.TLF.CACT.FE.ZS,44.18,44.71,45.65,46.4,46.71,47.72,48.24,48.93,49.63,50.16,50.54,51.15,52.04,53,53.69,54.27,54.98,55.31,55.45,55.31,55.09,55.23,55.5,55.78,55.93,56.02,56.28,56.54,56.86,57.01
"Venezuela, RB",VEN,"Labor force participation rate, female (% of female population ages 15+) (modeled ILO estimate)",SL.TLF.CACT.FE.ZS,44.88,45.73,46.33,46.46,46.36,46.79,46.89,47.54,47.66,47.23,47.66,48.06,47.36,46.77,48.36,49.37,50,49.65,49.67,49.93,49.52,49.58,49.45,49.64,49.45,49.15,47.85,46.74,45.22,41.95
British Virgin Islands,VGB,"Labor force participation rate, female (% of female population ages 15+) (modeled ILO estimate)",SL.TLF.CACT.FE.ZS,,,,,,,,,,,,,,,,,,,,,,,,,,,,,,
Virgin Islands (U.S.),VIR,"Labor force participation rate, female (% of female population ages 15+) (modeled ILO estimate)",SL.TLF.CACT.FE.ZS,59.9,59.99,59.96,59.7,59.66,59.64,59.37,59.44,59.56,59.64,59.74,59.93,60.05,60.08,60.31,60.58,60.73,60.89,60.84,60.27,60.14,59.24,57.86,57.1,56.68,56.35,56.18,55.91,55.79,55.61
Vietnam,VNM,"Labor force participation rate, female (% of female population ages 15+) (modeled ILO estimate)",SL.TLF.CACT.FE.ZS,72.89,72.89,72.82,72.76,72.67,72.54,72.43,72.32,72.28,72.26,72.18,72.13,72.08,72,71.89,71.78,71.69,71.58,71.51,71.48,71.39,71.55,72.06,73.04,73.29,73.04,72.75,72.82,73.01,72.73
Vanuatu,VUT,"Labor force participation rate, female (% of female population ages 15+) (modeled ILO estimate)",SL.TLF.CACT.FE.ZS,60.7,60.67,60.68,60.79,60.51,60.59,60.53,60.34,60.17,60.22,60.05,60.38,60.82,60.82,60.82,60.76,60.46,60.36,60.27,60.38,60.57,60.57,60.56,60.61,60.69,60.9,60.96,60.95,60.98,60.97
World,WLD,"Labor force participation rate, female (% of female population ages 15+) (modeled ILO estimate)",SL.TLF.CACT.FE.ZS,51.18626397,51.15507905,51.16475742,51.02077783,51.17837632,51.12313484,51.04276917,51.01785789,50.94877572,50.9996418,50.94575601,50.69543145,50.51455729,50.40216898,50.29327612,50.22124192,49.90219625,49.73611276,49.42132603,49.17357697,48.7734973,48.44829309,48.1809863,47.96097886,47.7562995,47.65266408,47.52604837,47.44626114,47.33277653,47.3115648
Samoa,WSM,"Labor force participation rate, female (% of female population ages 15+) (modeled ILO estimate)",SL.TLF.CACT.FE.ZS,32.65,32.97,33.23,33.26,33.43,33.16,33.02,33.06,33.04,33,32.82,32.64,32.53,32.39,32.22,32.03,31.9,31.68,31.56,31.57,31.49,31.47,31.64,31.72,31.76,31.68,31.46,31.36,31.3,31.12
Kosovo,XKX,"Labor force participation rate, female (% of female population ages 15+) (modeled ILO estimate)",SL.TLF.CACT.FE.ZS,,,,,,,,,,,,,,,,,,,,,,,,,,,,,,
"Yemen, Rep.",YEM,"Labor force participation rate, female (% of female population ages 15+) (modeled ILO estimate)",SL.TLF.CACT.FE.ZS,16.75,16.75,16.8,16.79,16.87,17.79,18.74,19.73,20.76,21.83,20.42,19.07,17.8,16.59,15.46,14.4,13.4,12.47,11.61,10.8,10.04,8.84,7.79,6.88,6.07,6.02,6.01,6,6.02,6.04
South Africa,ZAF,"Labor force participation rate, female (% of female population ages 15+) (modeled ILO estimate)",SL.TLF.CACT.FE.ZS,41.43,41.72,42.05,42.39,42.74,43.12,43.43,43.75,44.11,44.51,44.94,45.26,45.62,46.02,46.43,46.83,47.15,47.46,47.78,46.3,44.89,45.46,45.83,46.91,47.24,48.57,48.65,49.57,49.51,49.59
Zambia,ZMB,"Labor force participation rate, female (% of female population ages 15+) (modeled ILO estimate)",SL.TLF.CACT.FE.ZS,73.86,73.85,73.84,73.77,73.78,73.74,73.69,73.65,73.64,73.61,73.58,73.6,73.63,73.63,73.63,73.62,73.15,72.66,72.16,71.65,71.12,70.62,70.12,70.16,70.2,70.25,70.29,70.32,70.35,70.4
Zimbabwe,ZWE,"Labor force participation rate, female (% of female population ages 15+) (modeled ILO estimate)",SL.TLF.CACT.FE.ZS,73.94,73.94,74.01,74.01,73.95,73.92,73.84,73.78,72.35,70.81,72.11,73.5,74.78,75.97,77.11,77.06,77.1,77.14,77.19,77.24,77.29,77.44,77.53,77.66,77.77,77.85,77.94,77.99,78.04,78.12
